Building,Floor,Suite,Room,Bed,Room Type,Suite Size (if applicable),Room Gender,Room Profile
BARBOUR HALL,BARBOUR FL 0 APT,BARBOUR 080,BARBOUR 080 081,BARBOUR 080 081-1,Double (Suite/Apartment),4,CoEd,24-25 Fall Senior Selection
BARBOUR HALL,BARBOUR FL 0 APT,BARBOUR 080,BARBOUR 080 081,BARBOUR 080 081-2,Double (Suite/Apartment),4,CoEd,24-25 Fall Senior Selection
BARBOUR HALL,BARBOUR FL 0 APT,BARBOUR 080,BARBOUR 080 084,BARBOUR 080 084-1,Double (Suite/Apartment),4,CoEd,24-25 Fall Senior Selection
BARBOUR HALL,BARBOUR FL 0 APT,BARBOUR 080,BARBOUR 080 084,BARBOUR 080 084-2,Double (Suite/Apartment),4,CoEd,24-25 Fall Senior Selection
BARBOUR HALL,BARBOUR FL 1 APT,BARBOUR 120,BARBOUR 120 121,BARBOUR 120 121-1,Double (Suite/Apartment),4,CoEd,24-25 Fall Senior Selection
BARBOUR HALL,BARBOUR FL 1 APT,BARBOUR 120,BARBOUR 120 121,BARBOUR 120 121-2,Double (Suite/Apartment),4,CoEd,24-25 Fall Senior Selection
BARBOUR HALL,BARBOUR FL 1 APT,BARBOUR 120,BARBOUR 120 123,BARBOUR 120 123-1,Double (Suite/Apartment),4,CoEd,24-25 Fall Senior Selection
BARBOUR HALL,BARBOUR FL 1 APT,BARBOUR 120,BARBOUR 120 123,BARBOUR 120 123-2,Double (Suite/Apartment),4,CoEd,24-25 Fall Senior Selection
BARBOUR HALL,BARBOUR FL 1 APT,BARBOUR 160,BARBOUR 160 163,BARBOUR 160 163-1,Single (Suite/Apartment),5,CoEd,24-25 Fall Senior Selection
BARBOUR HALL,BARBOUR FL 1 APT,BARBOUR 160,BARBOUR 160 164,BARBOUR 160 164-1,Double (Suite/Apartment),5,CoEd,24-25 Fall Senior Selection
BARBOUR HALL,BARBOUR FL 1 APT,BARBOUR 160,BARBOUR 160 164,BARBOUR 160 164-2,Double (Suite/Apartment),5,CoEd,24-25 Fall Senior Selection
BARBOUR HALL,BARBOUR FL 1 APT,BARBOUR 160,BARBOUR 160 165,BARBOUR 160 165-1,Double (Suite/Apartment),5,CoEd,24-25 Fall Senior Selection
BARBOUR HALL,BARBOUR FL 1 APT,BARBOUR 160,BARBOUR 160 165,BARBOUR 160 165-2,Double (Suite/Apartment),5,CoEd,24-25 Fall Senior Selection
BARBOUR HALL,BARBOUR FL 1 APT,BARBOUR 180,BARBOUR 180 180,BARBOUR 180 181-1,Double (Suite/Apartment),4,CoEd,24-25 Fall Senior Selection
BARBOUR HALL,BARBOUR FL 1 APT,BARBOUR 180,BARBOUR 180 180,BARBOUR 180 181-2,Double (Suite/Apartment),4,CoEd,24-25 Fall Senior Selection
BARBOUR HALL,BARBOUR FL 1 APT,BARBOUR 180,BARBOUR 180 183,BARBOUR 180 183-1,Double (Suite/Apartment),4,CoEd,24-25 Fall Senior Selection
BARBOUR HALL,BARBOUR FL 1 APT,BARBOUR 180,BARBOUR 180 183,BARBOUR 180 183-2,Double (Suite/Apartment),4,CoEd,24-25 Fall Senior Selection
BARBOUR HALL,BARBOUR FL 2 APT,BARBOUR 210,BARBOUR 210 211,BARBOUR 210 211-1,Single (Suite/Apartment),3,CoEd,24-25 Fall Senior Selection
BARBOUR HALL,BARBOUR FL 2 APT,BARBOUR 210,BARBOUR 210 213,BARBOUR 210 213-1,Double (Suite/Apartment),3,CoEd,24-25 Fall Senior Selection
BARBOUR HALL,BARBOUR FL 2 APT,BARBOUR 210,BARBOUR 210 213,BARBOUR 210 213-2,Double (Suite/Apartment),3,CoEd,24-25 Fall Senior Selection
BARBOUR HALL,BARBOUR FL 2 APT,BARBOUR 220,BARBOUR 220 221,BARBOUR 220 221-1,Double (Suite/Apartment),4,CoEd,24-25 Fall Senior Selection
BARBOUR HALL,BARBOUR FL 2 APT,BARBOUR 220,BARBOUR 220 221,BARBOUR 220 221-2,Double (Suite/Apartment),4,CoEd,24-25 Fall Senior Selection
BARBOUR HALL,BARBOUR FL 2 APT,BARBOUR 220,BARBOUR 220 223,BARBOUR 220 223-1,Double (Suite/Apartment),4,CoEd,24-25 Fall Senior Selection
BARBOUR HALL,BARBOUR FL 2 APT,BARBOUR 220,BARBOUR 220 223,BARBOUR 220 223-2,Double (Suite/Apartment),4,CoEd,24-25 Fall Senior Selection
BARBOUR HALL,BARBOUR FL 2 APT,BARBOUR 270,BARBOUR 270 271,BARBOUR 270 271-1,Double (Suite/Apartment),4,CoEd,24-25 Fall Senior Selection
BARBOUR HALL,BARBOUR FL 2 APT,BARBOUR 270,BARBOUR 270 271,BARBOUR 270 271-2,Double (Suite/Apartment),4,CoEd,24-25 Fall Senior Selection
BARBOUR HALL,BARBOUR FL 2 APT,BARBOUR 270,BARBOUR 270 274,BARBOUR 270 274-1,Double (Suite/Apartment),4,CoEd,24-25 Fall Senior Selection
BARBOUR HALL,BARBOUR FL 2 APT,BARBOUR 270,BARBOUR 270 274,BARBOUR 270 274-2,Double (Suite/Apartment),4,CoEd,24-25 Fall Senior Selection
BARBOUR HALL,BARBOUR FL 2 APT,BARBOUR 290,BARBOUR 290 291,BARBOUR 290 291-1,Double (Suite/Apartment),4,CoEd,24-25 Fall Senior Selection
BARBOUR HALL,BARBOUR FL 2 APT,BARBOUR 290,BARBOUR 290 291,BARBOUR 290 291-2,Double (Suite/Apartment),4,CoEd,24-25 Fall Senior Selection
BARBOUR HALL,BARBOUR FL 2 APT,BARBOUR 290,BARBOUR 290 293,BARBOUR 290 293-1,Double (Suite/Apartment),4,CoEd,24-25 Fall Senior Selection
BARBOUR HALL,BARBOUR FL 2 APT,BARBOUR 290,BARBOUR 290 293,BARBOUR 290 293-2,Double (Suite/Apartment),4,CoEd,24-25 Fall Senior Selection
BARBOUR HALL,BARBOUR FL 3 APT,BARBOUR 310,BARBOUR 310 311,BARBOUR 310 311-1,Single (Suite/Apartment),3,CoEd,24-25 Fall Senior Selection
BARBOUR HALL,BARBOUR FL 3 APT,BARBOUR 310,BARBOUR 310 313,BARBOUR 310 313-1,Double (Suite/Apartment),3,CoEd,24-25 Fall Senior Selection
BARBOUR HALL,BARBOUR FL 3 APT,BARBOUR 310,BARBOUR 310 313,BARBOUR 310 313-2,Double (Suite/Apartment),3,CoEd,24-25 Fall Senior Selection
BARBOUR HALL,BARBOUR FL 3 APT,BARBOUR 360,BARBOUR 360 363,BARBOUR 360 363-1,Single (Suite/Apartment),5,CoEd,24-25 Fall Senior Selection
BARBOUR HALL,BARBOUR FL 3 APT,BARBOUR 360,BARBOUR 360 364,BARBOUR 360 364-1,Double (Suite/Apartment),5,CoEd,24-25 Fall Senior Selection
BARBOUR HALL,BARBOUR FL 3 APT,BARBOUR 360,BARBOUR 360 364,BARBOUR 360 364-2,Double (Suite/Apartment),5,CoEd,24-25 Fall Senior Selection
BARBOUR HALL,BARBOUR FL 3 APT,BARBOUR 360,BARBOUR 360 365,BARBOUR 360 365-1,Double (Suite/Apartment),5,CoEd,24-25 Fall Senior Selection
BARBOUR HALL,BARBOUR FL 3 APT,BARBOUR 360,BARBOUR 360 365,BARBOUR 360 365-2,Double (Suite/Apartment),5,CoEd,24-25 Fall Senior Selection
BARBOUR HALL,BARBOUR FL 3 APT,BARBOUR 370,BARBOUR 370 371,BARBOUR 370 371-1,Double (Suite/Apartment),4,CoEd,24-25 Fall Senior Selection
BARBOUR HALL,BARBOUR FL 3 APT,BARBOUR 370,BARBOUR 370 371,BARBOUR 370 371-2,Double (Suite/Apartment),4,CoEd,24-25 Fall Senior Selection
BARBOUR HALL,BARBOUR FL 3 APT,BARBOUR 370,BARBOUR 370 374,BARBOUR 370 374-1,Double (Suite/Apartment),4,CoEd,24-25 Fall Senior Selection
BARBOUR HALL,BARBOUR FL 3 APT,BARBOUR 370,BARBOUR 370 374,BARBOUR 370 374-2,Double (Suite/Apartment),4,CoEd,24-25 Fall Senior Selection
BUXTON HOUSE,BUXTON FL 2,BUXTON 205,BUXTON 205,BUXTON 205-1,Single,,CoEd,24-25 Fall Senior Selection
Building,Floor,Suite,Room,Bed,Room Type,Suite Size (if applicable),Room Gender,Room Profile
BUXTON HOUSE,BUXTON FL 2,BUXTON 207,BUXTON 207,BUXTON 207-1,Single,,CoEd,24-25 Fall Senior Selection
BUXTON HOUSE,BUXTON FL 2,BUXTON 208,BUXTON 208,BUXTON 208-1,Single,,CoEd,24-25 Fall Senior Selection
BUXTON HOUSE,BUXTON FL 3,BUXTON 305,BUXTON 305,BUXTON 305-1,Single,,CoEd,24-25 Fall Senior Selection
BUXTON HOUSE,BUXTON FL 3,BUXTON 307,BUXTON 307,BUXTON 307-1,Single,,CoEd,24-25 Fall Senior Selection
BUXTON HOUSE,BUXTON FL 3,BUXTON 308,BUXTON 308,BUXTON 308-1,Single,,CoEd,24-25 Fall Senior Selection
BUXTON HOUSE,BUXTON FL 3,BUXTON 310,BUXTON 310,BUXTON 310-1,Single,,CoEd,24-25 Fall Senior Selection
BUXTON HOUSE,BUXTON FL 3,BUXTON 312,BUXTON 312,BUXTON 312-1,Single,,CoEd,24-25 Fall Senior Selection
BUXTON HOUSE,BUXTON FL 3,BUXTON 314,BUXTON 314,BUXTON 314-1,Double,,CoEd,24-25 Fall Senior Selection
BUXTON HOUSE,BUXTON FL 3,BUXTON 314,BUXTON 314,BUXTON 314-2,Double,,CoEd,24-25 Fall Senior Selection
BUXTON HOUSE,BUXTON FL 4,BUXTON 414,BUXTON 414,BUXTON 414-1,Double,,CoEd,24-25 Fall Senior Selection
BUXTON HOUSE,BUXTON FL 4,BUXTON 414,BUXTON 414,BUXTON 414-2,Double,,CoEd,24-25 Fall Senior Selection
BUXTON HOUSE,BUXTON FL 4,BUXTON 418,BUXTON 418,BUXTON 418-1,Double,,CoEd,24-25 Fall Senior Selection
BUXTON HOUSE,BUXTON FL 4,BUXTON 418,BUXTON 418,BUXTON 418-2,Double,,CoEd,24-25 Fall Senior Selection
BUXTON HOUSE,BUXTON FL 4,BUXTON 420,BUXTON 420,BUXTON 420-1,Double,,CoEd,24-25 Fall Senior Selection
BUXTON HOUSE,BUXTON FL 4,BUXTON 420,BUXTON 420,BUXTON 420-2,Double,,CoEd,24-25 Fall Senior Selection
CHAPIN HOUSE,CHAPIN FL 2,CHAPIN 213,CHAPIN 213,CHAPIN 213-1,Double,,CoEd,24-25 Fall Senior Selection
CHAPIN HOUSE,CHAPIN FL 2,CHAPIN 213,CHAPIN 213,CHAPIN 213-2,Double,,CoEd,24-25 Fall Senior Selection
CHAPIN HOUSE,CHAPIN FL 2,CHAPIN 217,CHAPIN 217,CHAPIN 217-1,Double,,CoEd,24-25 Fall Senior Selection
CHAPIN HOUSE,CHAPIN FL 2,CHAPIN 217,CHAPIN 217,CHAPIN 217-2,Double,,CoEd,24-25 Fall Senior Selection
CHAPIN HOUSE,CHAPIN FL 2,CHAPIN 219,CHAPIN 219,CHAPIN 219-1,Single,,CoEd,24-25 Fall Senior Selection
CHAPIN HOUSE,CHAPIN FL 2,CHAPIN 220,CHAPIN 220,CHAPIN 220-1,Single,,CoEd,24-25 Fall Senior Selection
CHAPIN HOUSE,CHAPIN FL 3,CHAPIN 307,CHAPIN 307,CHAPIN 307-1,Double,,CoEd,24-25 Fall Senior Selection
CHAPIN HOUSE,CHAPIN FL 3,CHAPIN 307,CHAPIN 307,CHAPIN 307-2,Double,,CoEd,24-25 Fall Senior Selection
CHAPIN HOUSE,CHAPIN FL 3,CHAPIN 310,CHAPIN 310,CHAPIN 310-1,Single,,CoEd,24-25 Fall Senior Selection
CHAPIN HOUSE,CHAPIN FL 3,CHAPIN 311,CHAPIN 311,CHAPIN 311-1,Single,,CoEd,24-25 Fall Senior Selection
CHAPIN HOUSE,CHAPIN FL 3,CHAPIN 312,CHAPIN 312,CHAPIN 312-1,Single,,CoEd,24-25 Fall Senior Selection
CHAPIN HOUSE,CHAPIN FL 3,CHAPIN 314,CHAPIN 314,CHAPIN 314-1,Double,,CoEd,24-25 Fall Senior Selection
CHAPIN HOUSE,CHAPIN FL 3,CHAPIN 314,CHAPIN 314,CHAPIN 314-2,Double,,CoEd,24-25 Fall Senior Selection
CHAPIN HOUSE,CHAPIN FL 3,CHAPIN 317,CHAPIN 317,CHAPIN 317-1,Double,,CoEd,24-25 Fall Senior Selection
CHAPIN HOUSE,CHAPIN FL 3,CHAPIN 317,CHAPIN 317,CHAPIN 317-2,Double,,CoEd,24-25 Fall Senior Selection
CHAPIN HOUSE,CHAPIN FL 3,CHAPIN 319,CHAPIN 319,CHAPIN 319-1,Single,,CoEd,24-25 Fall Senior Selection
CHAPIN HOUSE,CHAPIN FL 3,CHAPIN 320,CHAPIN 320,CHAPIN 320-1,Single,,CoEd,24-25 Fall Senior Selection
CHEN FAMILY HALL,CHEN FL 1,CHEN 113,CHEN 113 113A,CHEN 113 113A-1,Single (Suite/Apartment),4,CoEd,24-25 Fall Senior Selection
CHEN FAMILY HALL,CHEN FL 1,CHEN 113,CHEN 113 113B,CHEN 113 113B-1,Single (Suite/Apartment),4,CoEd,24-25 Fall Senior Selection
CHEN FAMILY HALL,CHEN FL 1,CHEN 113,CHEN 113 113C,CHEN 113 113C-1,Single (Suite/Apartment),4,CoEd,24-25 Fall Senior Selection
CHEN FAMILY HALL,CHEN FL 1,CHEN 113,CHEN 113 113D,CHEN 113 113D-1,Single (Suite/Apartment),4,CoEd,24-25 Fall Senior Selection
CHEN FAMILY HALL,CHEN FL 1,CHEN 117,CHEN 117 117A,CHEN 117 117A-1,Single (Suite/Apartment),4,CoEd,24-25 Fall Senior Selection
CHEN FAMILY HALL,CHEN FL 1,CHEN 117,CHEN 117 117B,CHEN 117 117B-1,Single (Suite/Apartment),4,CoEd,24-25 Fall Senior Selection
CHEN FAMILY HALL,CHEN FL 1,CHEN 117,CHEN 117 117C,CHEN 117 117C-1,Single (Suite/Apartment),4,CoEd,24-25 Fall Senior Selection
CHEN FAMILY HALL,CHEN FL 1,CHEN 117,CHEN 117 117D,CHEN 117 117D-1,Single (Suite/Apartment),4,CoEd,24-25 Fall Senior Selection
CHEN FAMILY HALL,CHEN FL 2,CHEN 202,CHEN 202 202A,CHEN 202 202A-1,Single (Suite/Apartment),4,CoEd,24-25 Fall Senior Selection
CHEN FAMILY HALL,CHEN FL 2,CHEN 202,CHEN 202 202B,CHEN 202 202B-1,Single (Suite/Apartment),4,CoEd,24-25 Fall Senior Selection
CHEN FAMILY HALL,CHEN FL 2,CHEN 202,CHEN 202 202C,CHEN 202 202C-1,Single (Suite/Apartment),4,CoEd,24-25 Fall Senior Selection
CHEN FAMILY HALL,CHEN FL 2,CHEN 202,CHEN 202 202D,CHEN 202 202D-1,Single (Suite/Apartment),4,CoEd,24-25 Fall Senior Selection
CHEN FAMILY HALL,CHEN FL 2,CHEN 206,CHEN 206 206A,CHEN 206 206A-1,Single (Suite/Apartment),4,CoEd,24-25 Fall Senior Selection
Building,Floor,Suite,Room,Bed,Room Type,Suite Size (if applicable),Room Gender,Room Profile
CHEN FAMILY HALL,CHEN FL 2,CHEN 206,CHEN 206 206B,CHEN 206 206B-1,Single (Suite/Apartment),4,CoEd,24-25 Fall Senior Selection
CHEN FAMILY HALL,CHEN FL 2,CHEN 206,CHEN 206 206C,CHEN 206 206C-1,Single (Suite/Apartment),4,CoEd,24-25 Fall Senior Selection
CHEN FAMILY HALL,CHEN FL 2,CHEN 206,CHEN 206 206D,CHEN 206 206D-1,Single (Suite/Apartment),4,CoEd,24-25 Fall Senior Selection
CHEN FAMILY HALL,CHEN FL 2,CHEN 213,CHEN 213 213A,CHEN 213 213A-1,Single (Suite/Apartment),4,CoEd,24-25 Fall Senior Selection
CHEN FAMILY HALL,CHEN FL 2,CHEN 213,CHEN 213 213B,CHEN 213 213B-1,Single (Suite/Apartment),4,CoEd,24-25 Fall Senior Selection
CHEN FAMILY HALL,CHEN FL 2,CHEN 213,CHEN 213 213C,CHEN 213 213C-1,Single (Suite/Apartment),4,CoEd,24-25 Fall Senior Selection
CHEN FAMILY HALL,CHEN FL 2,CHEN 213,CHEN 213 213D,CHEN 213 213D-1,Single (Suite/Apartment),4,CoEd,24-25 Fall Senior Selection
CHEN FAMILY HALL,CHEN FL 2,CHEN 217,CHEN 217 217A,CHEN 217 217A-1,Single (Suite/Apartment),4,CoEd,24-25 Fall Senior Selection
CHEN FAMILY HALL,CHEN FL 2,CHEN 217,CHEN 217 217B,CHEN 217 217B-1,Single (Suite/Apartment),4,CoEd,24-25 Fall Senior Selection
CHEN FAMILY HALL,CHEN FL 2,CHEN 217,CHEN 217 217C,CHEN 217 217C-1,Single (Suite/Apartment),4,CoEd,24-25 Fall Senior Selection
CHEN FAMILY HALL,CHEN FL 2,CHEN 217,CHEN 217 217D,CHEN 217 217D-1,Single (Suite/Apartment),4,CoEd,24-25 Fall Senior Selection
CHEN FAMILY HALL,CHEN FL 3,CHEN 301,CHEN 301 301A,CHEN 301 301A-1,Single (Suite/Apartment),2,CoEd,24-25 Fall Senior Selection
CHEN FAMILY HALL,CHEN FL 3,CHEN 301,CHEN 301 301B,CHEN 301 301B-1,Single (Suite/Apartment),2,CoEd,24-25 Fall Senior Selection
CHEN FAMILY HALL,CHEN FL 3,CHEN 302,CHEN 302 302A,CHEN 302 302A-1,Single (Suite/Apartment),4,CoEd,24-25 Fall Senior Selection
CHEN FAMILY HALL,CHEN FL 3,CHEN 302,CHEN 302 302B,CHEN 302 302B-1,Single (Suite/Apartment),4,CoEd,24-25 Fall Senior Selection
CHEN FAMILY HALL,CHEN FL 3,CHEN 302,CHEN 302 302C,CHEN 302 302C-1,Single (Suite/Apartment),4,CoEd,24-25 Fall Senior Selection
CHEN FAMILY HALL,CHEN FL 3,CHEN 302,CHEN 302 302D,CHEN 302 302D-1,Single (Suite/Apartment),4,CoEd,24-25 Fall Senior Selection
CHEN FAMILY HALL,CHEN FL 3,CHEN 306,CHEN 306 306A,CHEN 306 306A-1,Single (Suite/Apartment),4,CoEd,24-25 Fall Senior Selection
CHEN FAMILY HALL,CHEN FL 3,CHEN 306,CHEN 306 306B,CHEN 306 306B-1,Single (Suite/Apartment),4,CoEd,24-25 Fall Senior Selection
CHEN FAMILY HALL,CHEN FL 3,CHEN 306,CHEN 306 306C,CHEN 306 306C-1,Single (Suite/Apartment),4,CoEd,24-25 Fall Senior Selection
CHEN FAMILY HALL,CHEN FL 3,CHEN 306,CHEN 306 306D,CHEN 306 306D-1,Single (Suite/Apartment),4,CoEd,24-25 Fall Senior Selection
CHEN FAMILY HALL,CHEN FL 3,CHEN 307,CHEN 307 307A,CHEN 307 307A-1,Single (Suite/Apartment),4,CoEd,24-25 Fall Senior Selection
CHEN FAMILY HALL,CHEN FL 3,CHEN 307,CHEN 307 307B,CHEN 307 307B-1,Single (Suite/Apartment),4,CoEd,24-25 Fall Senior Selection
CHEN FAMILY HALL,CHEN FL 3,CHEN 307,CHEN 307 307C,CHEN 307 307C-1,Single (Suite/Apartment),4,CoEd,24-25 Fall Senior Selection
CHEN FAMILY HALL,CHEN FL 3,CHEN 307,CHEN 307 307D,CHEN 307 307D-1,Single (Suite/Apartment),4,CoEd,24-25 Fall Senior Selection
CHEN FAMILY HALL,CHEN FL 3,CHEN 313,CHEN 313 313A,CHEN 313 313A-1,Single (Suite/Apartment),4,CoEd,24-25 Fall Senior Selection
CHEN FAMILY HALL,CHEN FL 3,CHEN 313,CHEN 313 313B,CHEN 313 313B-1,Single (Suite/Apartment),4,CoEd,24-25 Fall Senior Selection
CHEN FAMILY HALL,CHEN FL 3,CHEN 313,CHEN 313 313C,CHEN 313 313C-1,Single (Suite/Apartment),4,CoEd,24-25 Fall Senior Selection
CHEN FAMILY HALL,CHEN FL 3,CHEN 313,CHEN 313 313D,CHEN 313 313D-1,Single (Suite/Apartment),4,CoEd,24-25 Fall Senior Selection
CHEN FAMILY HALL,CHEN FL 3,CHEN 317,CHEN 317 317A,CHEN 317 317A-1,Single (Suite/Apartment),4,CoEd,24-25 Fall Senior Selection
CHEN FAMILY HALL,CHEN FL 3,CHEN 317,CHEN 317 317B,CHEN 317 317B-1,Single (Suite/Apartment),4,CoEd,24-25 Fall Senior Selection
CHEN FAMILY HALL,CHEN FL 3,CHEN 317,CHEN 317 317C,CHEN 317 317C-1,Single (Suite/Apartment),4,CoEd,24-25 Fall Senior Selection
CHEN FAMILY HALL,CHEN FL 3,CHEN 317,CHEN 317 317D,CHEN 317 317D-1,Single (Suite/Apartment),4,CoEd,24-25 Fall Senior Selection
CHEN FAMILY HALL,CHEN FL 3,CHEN 322,CHEN 322 322A,CHEN 322 322A-1,Single (Suite/Apartment),4,CoEd,24-25 Fall Senior Selection
CHEN FAMILY HALL,CHEN FL 3,CHEN 322,CHEN 322 322B,CHEN 322 322B-1,Single (Suite/Apartment),4,CoEd,24-25 Fall Senior Selection
CHEN FAMILY HALL,CHEN FL 3,CHEN 322,CHEN 322 322C,CHEN 322 322C-1,Single (Suite/Apartment),4,CoEd,24-25 Fall Senior Selection
CHEN FAMILY HALL,CHEN FL 3,CHEN 322,CHEN 322 322D,CHEN 322 322D-1,Single (Suite/Apartment),4,CoEd,24-25 Fall Senior Selection
CHEN FAMILY HALL,CHEN FL 4,CHEN 413,CHEN 413 413A,CHEN 413 413A-1,Single (Suite/Apartment),4,CoEd,24-25 Fall Senior Selection
CHEN FAMILY HALL,CHEN FL 4,CHEN 413,CHEN 413 413B,CHEN 413 413B-1,Single (Suite/Apartment),4,CoEd,24-25 Fall Senior Selection
CHEN FAMILY HALL,CHEN FL 4,CHEN 413,CHEN 413 413C,CHEN 413 413C-1,Single (Suite/Apartment),4,CoEd,24-25 Fall Senior Selection
CHEN FAMILY HALL,CHEN FL 4,CHEN 413,CHEN 413 413D,CHEN 413 413D-1,Single (Suite/Apartment),4,CoEd,24-25 Fall Senior Selection
CHEN FAMILY HALL,CHEN FL 4,CHEN 417,CHEN 417 417A,CHEN 417 417A-1,Single (Suite/Apartment),4,CoEd,24-25 Fall Senior Selection
CHEN FAMILY HALL,CHEN FL 4,CHEN 417,CHEN 417 417B,CHEN 417 417B-1,Single (Suite/Apartment),4,CoEd,24-25 Fall Senior Selection
CHEN FAMILY HALL,CHEN FL 4,CHEN 417,CHEN 417 417C,CHEN 417 417C-1,Single (Suite/Apartment),4,CoEd,24-25 Fall Senior Selection
CHEN FAMILY HALL,CHEN FL 4,CHEN 417,CHEN 417 417D,CHEN 417 417D-1,Single (Suite/Apartment),4,CoEd,24-25 Fall Senior Selection
Building,Floor,Suite,Room,Bed,Room Type,Suite Size (if applicable),Room Gender,Room Profile
CHEN FAMILY HALL,CHEN FL 4,CHEN 419,CHEN 419 419A,CHEN 419 419A-1,Single (Suite/Apartment),4,CoEd,24-25 Fall Senior Selection
CHEN FAMILY HALL,CHEN FL 4,CHEN 419,CHEN 419 419B,CHEN 419 419B-1,Single (Suite/Apartment),4,CoEd,24-25 Fall Senior Selection
CHEN FAMILY HALL,CHEN FL 4,CHEN 419,CHEN 419 419C,CHEN 419 419C-1,Single (Suite/Apartment),4,CoEd,24-25 Fall Senior Selection
CHEN FAMILY HALL,CHEN FL 4,CHEN 419,CHEN 419 419D,CHEN 419 419D-1,Single (Suite/Apartment),4,CoEd,24-25 Fall Senior Selection
CHEN FAMILY HALL,CHEN FL 5,CHEN 501,CHEN 501 501A,CHEN 501 501A-1,Single (Suite/Apartment),2,CoEd,24-25 Fall Senior Selection
CHEN FAMILY HALL,CHEN FL 5,CHEN 501,CHEN 501 501B,CHEN 501 501B-1,Single (Suite/Apartment),2,CoEd,24-25 Fall Senior Selection
CHEN FAMILY HALL,CHEN FL 5,CHEN 506,CHEN 506 506A,CHEN 506 506A-1,Single (Suite/Apartment),4,CoEd,24-25 Fall Senior Selection
CHEN FAMILY HALL,CHEN FL 5,CHEN 506,CHEN 506 506B,CHEN 506 506B-1,Single (Suite/Apartment),4,CoEd,24-25 Fall Senior Selection
CHEN FAMILY HALL,CHEN FL 5,CHEN 506,CHEN 506 506C,CHEN 506 506C-1,Single (Suite/Apartment),4,CoEd,24-25 Fall Senior Selection
CHEN FAMILY HALL,CHEN FL 5,CHEN 506,CHEN 506 506D,CHEN 506 506D-1,Single (Suite/Apartment),4,CoEd,24-25 Fall Senior Selection
CHEN FAMILY HALL,CHEN FL 5,CHEN 517,CHEN 517 517A,CHEN 517 517A-1,Single (Suite/Apartment),4,CoEd,24-25 Fall Senior Selection
CHEN FAMILY HALL,CHEN FL 5,CHEN 517,CHEN 517 517B,CHEN 517 517B-1,Single (Suite/Apartment),4,CoEd,24-25 Fall Senior Selection
CHEN FAMILY HALL,CHEN FL 5,CHEN 517,CHEN 517 517C,CHEN 517 517C-1,Single (Suite/Apartment),4,CoEd,24-25 Fall Senior Selection
CHEN FAMILY HALL,CHEN FL 5,CHEN 517,CHEN 517 517D,CHEN 517 517D-1,Single (Suite/Apartment),4,CoEd,24-25 Fall Senior Selection
CHEN FAMILY HALL,CHEN FL 5,CHEN 519,CHEN 519 519A,CHEN 519 519A-1,Single (Suite/Apartment),4,CoEd,24-25 Fall Senior Selection
CHEN FAMILY HALL,CHEN FL 5,CHEN 519,CHEN 519 519B,CHEN 519 519B-1,Single (Suite/Apartment),4,CoEd,24-25 Fall Senior Selection
CHEN FAMILY HALL,CHEN FL 5,CHEN 519,CHEN 519 519C,CHEN 519 519C-1,Single (Suite/Apartment),4,CoEd,24-25 Fall Senior Selection
CHEN FAMILY HALL,CHEN FL 5,CHEN 519,CHEN 519 519D,CHEN 519 519D-1,Single (Suite/Apartment),4,CoEd,24-25 Fall Senior Selection
DANOFF HALL,DANOFF FL 1,DANOFF 114,DANOFF 114 114A,DANOFF 114 114A-1,Single (Suite/Apartment),4,CoEd,24-25 Fall Senior Selection
DANOFF HALL,DANOFF FL 1,DANOFF 114,DANOFF 114 114B,DANOFF 114 114B-1,Single (Suite/Apartment),4,CoEd,24-25 Fall Senior Selection
DANOFF HALL,DANOFF FL 1,DANOFF 114,DANOFF 114 114C,DANOFF 114 114C-1,Single (Suite/Apartment),4,CoEd,24-25 Fall Senior Selection
DANOFF HALL,DANOFF FL 1,DANOFF 114,DANOFF 114 114D,DANOFF 114 114D-1,Single (Suite/Apartment),4,CoEd,24-25 Fall Senior Selection
DANOFF HALL,DANOFF FL 1,DANOFF 115,DANOFF 115 115A,DANOFF 115 115A-1,Single (Suite/Apartment),4,CoEd,24-25 Fall Senior Selection
DANOFF HALL,DANOFF FL 1,DANOFF 115,DANOFF 115 115B,DANOFF 115 115B-1,Single (Suite/Apartment),4,CoEd,24-25 Fall Senior Selection
DANOFF HALL,DANOFF FL 1,DANOFF 115,DANOFF 115 115C,DANOFF 115 115C-1,Single (Suite/Apartment),4,CoEd,24-25 Fall Senior Selection
DANOFF HALL,DANOFF FL 1,DANOFF 115,DANOFF 115 115D,DANOFF 115 115D-1,Single (Suite/Apartment),4,CoEd,24-25 Fall Senior Selection
DANOFF HALL,DANOFF FL 1,DANOFF 119,DANOFF 119 119A,DANOFF 119 119A-1,Single (Suite/Apartment),4,CoEd,24-25 Fall Senior Selection
DANOFF HALL,DANOFF FL 1,DANOFF 119,DANOFF 119 119B,DANOFF 119 119B-1,Single (Suite/Apartment),4,CoEd,24-25 Fall Senior Selection
DANOFF HALL,DANOFF FL 1,DANOFF 119,DANOFF 119 119C,DANOFF 119 119C-1,Single (Suite/Apartment),4,CoEd,24-25 Fall Senior Selection
DANOFF HALL,DANOFF FL 1,DANOFF 119,DANOFF 119 119D,DANOFF 119 119D-1,Single (Suite/Apartment),4,CoEd,24-25 Fall Senior Selection
DANOFF HALL,DANOFF FL 1,DANOFF 124,DANOFF 124 124A,DANOFF 124 124A-1,Single (Suite/Apartment),4,CoEd,24-25 Fall Senior Selection
DANOFF HALL,DANOFF FL 1,DANOFF 124,DANOFF 124 124B,DANOFF 124 124B-1,Single (Suite/Apartment),4,CoEd,24-25 Fall Senior Selection
DANOFF HALL,DANOFF FL 1,DANOFF 124,DANOFF 124 124C,DANOFF 124 124C-1,Single (Suite/Apartment),4,CoEd,24-25 Fall Senior Selection
DANOFF HALL,DANOFF FL 1,DANOFF 124,DANOFF 124 124D,DANOFF 124 124D-1,Single (Suite/Apartment),4,CoEd,24-25 Fall Senior Selection
DANOFF HALL,DANOFF FL 2,DANOFF 204,DANOFF 204 204A,DANOFF 204 204A-1,Single (Suite/Apartment),4,CoEd,24-25 Fall Senior Selection
DANOFF HALL,DANOFF FL 2,DANOFF 204,DANOFF 204 204B,DANOFF 204 204B-1,Single (Suite/Apartment),4,CoEd,24-25 Fall Senior Selection
DANOFF HALL,DANOFF FL 2,DANOFF 204,DANOFF 204 204C,DANOFF 204 204C-1,Single (Suite/Apartment),4,CoEd,24-25 Fall Senior Selection
DANOFF HALL,DANOFF FL 2,DANOFF 204,DANOFF 204 204D,DANOFF 204 204D-1,Single (Suite/Apartment),4,CoEd,24-25 Fall Senior Selection
DANOFF HALL,DANOFF FL 2,DANOFF 205,DANOFF 205 205A,DANOFF 205 205A-1,Single (Suite/Apartment),4,CoEd,24-25 Fall Senior Selection
DANOFF HALL,DANOFF FL 2,DANOFF 205,DANOFF 205 205B,DANOFF 205 205B-1,Single (Suite/Apartment),4,CoEd,24-25 Fall Senior Selection
DANOFF HALL,DANOFF FL 2,DANOFF 205,DANOFF 205 205C,DANOFF 205 205C-1,Single (Suite/Apartment),4,CoEd,24-25 Fall Senior Selection
DANOFF HALL,DANOFF FL 2,DANOFF 205,DANOFF 205 205D,DANOFF 205 205D-1,Single (Suite/Apartment),4,CoEd,24-25 Fall Senior Selection
DANOFF HALL,DANOFF FL 2,DANOFF 222,DANOFF 222 222A,DANOFF 222 222A-1,Single (Suite/Apartment),3,CoEd,24-25 Fall Senior Selection
DANOFF HALL,DANOFF FL 2,DANOFF 222,DANOFF 222 222B,DANOFF 222 222B-1,Single (Suite/Apartment),3,CoEd,24-25 Fall Senior Selection
DANOFF HALL,DANOFF FL 2,DANOFF 222,DANOFF 222 222C,DANOFF 222 222C-1,Single (Suite/Apartment),3,CoEd,24-25 Fall Senior Selection
Building,Floor,Suite,Room,Bed,Room Type,Suite Size (if applicable),Room Gender,Room Profile
DANOFF HALL,DANOFF FL 2,DANOFF 224,DANOFF 224 224A,DANOFF 224 224A-1,Single (Suite/Apartment),4,CoEd,24-25 Fall Senior Selection
DANOFF HALL,DANOFF FL 2,DANOFF 224,DANOFF 224 224B,DANOFF 224 224B-1,Single (Suite/Apartment),4,CoEd,24-25 Fall Senior Selection
DANOFF HALL,DANOFF FL 2,DANOFF 224,DANOFF 224 224C,DANOFF 224 224C-1,Single (Suite/Apartment),4,CoEd,24-25 Fall Senior Selection
DANOFF HALL,DANOFF FL 2,DANOFF 224,DANOFF 224 224D,DANOFF 224 224D-1,Single (Suite/Apartment),4,CoEd,24-25 Fall Senior Selection
DANOFF HALL,DANOFF FL 3,DANOFF 304,DANOFF 304 304A,DANOFF 304 304A-1,Single (Suite/Apartment),4,CoEd,24-25 Fall Senior Selection
DANOFF HALL,DANOFF FL 3,DANOFF 304,DANOFF 304 304B,DANOFF 304 304B-1,Single (Suite/Apartment),4,CoEd,24-25 Fall Senior Selection
DANOFF HALL,DANOFF FL 3,DANOFF 304,DANOFF 304 304C,DANOFF 304 304C-1,Single (Suite/Apartment),4,CoEd,24-25 Fall Senior Selection
DANOFF HALL,DANOFF FL 3,DANOFF 304,DANOFF 304 304D,DANOFF 304 304D-1,Single (Suite/Apartment),4,CoEd,24-25 Fall Senior Selection
DANOFF HALL,DANOFF FL 3,DANOFF 305,DANOFF 305 305A,DANOFF 305 305A-1,Single (Suite/Apartment),4,CoEd,24-25 Fall Senior Selection
DANOFF HALL,DANOFF FL 3,DANOFF 305,DANOFF 305 305B,DANOFF 305 305B-1,Single (Suite/Apartment),4,CoEd,24-25 Fall Senior Selection
DANOFF HALL,DANOFF FL 3,DANOFF 305,DANOFF 305 305C,DANOFF 305 305C-1,Single (Suite/Apartment),4,CoEd,24-25 Fall Senior Selection
DANOFF HALL,DANOFF FL 3,DANOFF 305,DANOFF 305 305D,DANOFF 305 305D-1,Single (Suite/Apartment),4,CoEd,24-25 Fall Senior Selection
DANOFF HALL,DANOFF FL 3,DANOFF 311,DANOFF 311 311A,DANOFF 311 311A-1,Single (Suite/Apartment),4,CoEd,24-25 Fall Senior Selection
DANOFF HALL,DANOFF FL 3,DANOFF 311,DANOFF 311 311B,DANOFF 311 311B-1,Single (Suite/Apartment),4,CoEd,24-25 Fall Senior Selection
DANOFF HALL,DANOFF FL 3,DANOFF 311,DANOFF 311 311C,DANOFF 311 311C-1,Single (Suite/Apartment),4,CoEd,24-25 Fall Senior Selection
DANOFF HALL,DANOFF FL 3,DANOFF 311,DANOFF 311 311D,DANOFF 311 311D-1,Single (Suite/Apartment),4,CoEd,24-25 Fall Senior Selection
DANOFF HALL,DANOFF FL 3,DANOFF 314,DANOFF 314 314A,DANOFF 314 314A-1,Single (Suite/Apartment),4,CoEd,24-25 Fall Senior Selection
DANOFF HALL,DANOFF FL 3,DANOFF 314,DANOFF 314 314B,DANOFF 314 314B-1,Single (Suite/Apartment),4,CoEd,24-25 Fall Senior Selection
DANOFF HALL,DANOFF FL 3,DANOFF 314,DANOFF 314 314C,DANOFF 314 314C-1,Single (Suite/Apartment),4,CoEd,24-25 Fall Senior Selection
DANOFF HALL,DANOFF FL 3,DANOFF 314,DANOFF 314 314D,DANOFF 314 314D-1,Single (Suite/Apartment),4,CoEd,24-25 Fall Senior Selection
DANOFF HALL,DANOFF FL 3,DANOFF 315,DANOFF 315 315A,DANOFF 315 315A-1,Single (Suite/Apartment),4,CoEd,24-25 Fall Senior Selection
DANOFF HALL,DANOFF FL 3,DANOFF 315,DANOFF 315 315B,DANOFF 315 315B-1,Single (Suite/Apartment),4,CoEd,24-25 Fall Senior Selection
DANOFF HALL,DANOFF FL 3,DANOFF 315,DANOFF 315 315C,DANOFF 315 315C-1,Single (Suite/Apartment),4,CoEd,24-25 Fall Senior Selection
DANOFF HALL,DANOFF FL 3,DANOFF 315,DANOFF 315 315D,DANOFF 315 315D-1,Single (Suite/Apartment),4,CoEd,24-25 Fall Senior Selection
DANOFF HALL,DANOFF FL 3,DANOFF 324,DANOFF 324 324A,DANOFF 324 324A-1,Single (Suite/Apartment),4,CoEd,24-25 Fall Senior Selection
DANOFF HALL,DANOFF FL 3,DANOFF 324,DANOFF 324 324B,DANOFF 324 324B-1,Single (Suite/Apartment),4,CoEd,24-25 Fall Senior Selection
DANOFF HALL,DANOFF FL 3,DANOFF 324,DANOFF 324 324C,DANOFF 324 324C-1,Single (Suite/Apartment),4,CoEd,24-25 Fall Senior Selection
DANOFF HALL,DANOFF FL 3,DANOFF 324,DANOFF 324 324D,DANOFF 324 324D-1,Single (Suite/Apartment),4,CoEd,24-25 Fall Senior Selection
DANOFF HALL,DANOFF FL 4,DANOFF 414,DANOFF 414 414A,DANOFF 414 414A-1,Single (Suite/Apartment),4,CoEd,24-25 Fall Senior Selection
DANOFF HALL,DANOFF FL 4,DANOFF 414,DANOFF 414 414B,DANOFF 414 414B-1,Single (Suite/Apartment),4,CoEd,24-25 Fall Senior Selection
DANOFF HALL,DANOFF FL 4,DANOFF 414,DANOFF 414 414C,DANOFF 414 414C-1,Single (Suite/Apartment),4,CoEd,24-25 Fall Senior Selection
DANOFF HALL,DANOFF FL 4,DANOFF 414,DANOFF 414 414D,DANOFF 414 414D-1,Single (Suite/Apartment),4,CoEd,24-25 Fall Senior Selection
DANOFF HALL,DANOFF FL 4,DANOFF 415,DANOFF 415 415A,DANOFF 415 415A-1,Single (Suite/Apartment),4,CoEd,24-25 Fall Senior Selection
DANOFF HALL,DANOFF FL 4,DANOFF 415,DANOFF 415 415B,DANOFF 415 415B-1,Single (Suite/Apartment),4,CoEd,24-25 Fall Senior Selection
DANOFF HALL,DANOFF FL 4,DANOFF 415,DANOFF 415 415C,DANOFF 415 415C-1,Single (Suite/Apartment),4,CoEd,24-25 Fall Senior Selection
DANOFF HALL,DANOFF FL 4,DANOFF 415,DANOFF 415 415D,DANOFF 415 415D-1,Single (Suite/Apartment),4,CoEd,24-25 Fall Senior Selection
DANOFF HALL,DANOFF FL 5,DANOFF 504,DANOFF 504 504A,DANOFF 504 504A-1,Single (Suite/Apartment),4,CoEd,24-25 Fall Senior Selection
DANOFF HALL,DANOFF FL 5,DANOFF 504,DANOFF 504 504B,DANOFF 504 504B-1,Single (Suite/Apartment),4,CoEd,24-25 Fall Senior Selection
DANOFF HALL,DANOFF FL 5,DANOFF 504,DANOFF 504 504C,DANOFF 504 504C-1,Single (Suite/Apartment),4,CoEd,24-25 Fall Senior Selection
DANOFF HALL,DANOFF FL 5,DANOFF 504,DANOFF 504 504D,DANOFF 504 504D-1,Single (Suite/Apartment),4,CoEd,24-25 Fall Senior Selection
DANOFF HALL,DANOFF FL 5,DANOFF 505,DANOFF 505 505A,DANOFF 505 505A-1,Single (Suite/Apartment),4,CoEd,24-25 Fall Senior Selection
DANOFF HALL,DANOFF FL 5,DANOFF 505,DANOFF 505 505B,DANOFF 505 505B-1,Single (Suite/Apartment),4,CoEd,24-25 Fall Senior Selection
DANOFF HALL,DANOFF FL 5,DANOFF 505,DANOFF 505 505C,DANOFF 505 505C-1,Single (Suite/Apartment),4,CoEd,24-25 Fall Senior Selection
DANOFF HALL,DANOFF FL 5,DANOFF 505,DANOFF 505 505D,DANOFF 505 505D-1,Single (Suite/Apartment),4,CoEd,24-25 Fall Senior Selection
DANOFF HALL,DANOFF FL 5,DANOFF 511,DANOFF 511 511A,DANOFF 511 511A-1,Single (Suite/Apartment),4,CoEd,24-25 Fall Senior Selection
Building,Floor,Suite,Room,Bed,Room Type,Suite Size (if applicable),Room Gender,Room Profile
DANOFF HALL,DANOFF FL 5,DANOFF 511,DANOFF 511 511B,DANOFF 511 511B-1,Single (Suite/Apartment),4,CoEd,24-25 Fall Senior Selection
DANOFF HALL,DANOFF FL 5,DANOFF 511,DANOFF 511 511C,DANOFF 511 511C-1,Single (Suite/Apartment),4,CoEd,24-25 Fall Senior Selection
DANOFF HALL,DANOFF FL 5,DANOFF 511,DANOFF 511 511D,DANOFF 511 511D-1,Single (Suite/Apartment),4,CoEd,24-25 Fall Senior Selection
DANOFF HALL,DANOFF FL 5,DANOFF 514,DANOFF 514 514A,DANOFF 514 514A-1,Single (Suite/Apartment),4,CoEd,24-25 Fall Senior Selection
DANOFF HALL,DANOFF FL 5,DANOFF 514,DANOFF 514 514B,DANOFF 514 514B-1,Single (Suite/Apartment),4,CoEd,24-25 Fall Senior Selection
DANOFF HALL,DANOFF FL 5,DANOFF 514,DANOFF 514 514C,DANOFF 514 514C-1,Single (Suite/Apartment),4,CoEd,24-25 Fall Senior Selection
DANOFF HALL,DANOFF FL 5,DANOFF 514,DANOFF 514 514D,DANOFF 514 514D-1,Single (Suite/Apartment),4,CoEd,24-25 Fall Senior Selection
DANOFF HALL,DANOFF FL 5,DANOFF 515,DANOFF 515 515A,DANOFF 515 515A-1,Single (Suite/Apartment),4,CoEd,24-25 Fall Senior Selection
DANOFF HALL,DANOFF FL 5,DANOFF 515,DANOFF 515 515B,DANOFF 515 515B-1,Single (Suite/Apartment),4,CoEd,24-25 Fall Senior Selection
DANOFF HALL,DANOFF FL 5,DANOFF 515,DANOFF 515 515C,DANOFF 515 515C-1,Single (Suite/Apartment),4,CoEd,24-25 Fall Senior Selection
DANOFF HALL,DANOFF FL 5,DANOFF 515,DANOFF 515 515D,DANOFF 515 515D-1,Single (Suite/Apartment),4,CoEd,24-25 Fall Senior Selection
DANOFF HALL,DANOFF FL 5,DANOFF 517,DANOFF 517 517A,DANOFF 517 517A-1,Single (Suite/Apartment),3,CoEd,24-25 Fall Senior Selection
DANOFF HALL,DANOFF FL 5,DANOFF 517,DANOFF 517 517B,DANOFF 517 517B-1,Single (Suite/Apartment),3,CoEd,24-25 Fall Senior Selection
DANOFF HALL,DANOFF FL 5,DANOFF 517,DANOFF 517 517C,DANOFF 517 517C-1,Single (Suite/Apartment),3,CoEd,24-25 Fall Senior Selection
GRAD CENTER A,GRADCTR A FL 1,GRADCTR A 130,GRADCTR A 130 131,GRADCTR A 130 131-1,Single (Suite/Apartment),,DynamicGender,24-25 Fall Senior Selection
GRAD CENTER A,GRADCTR A FL 1,GRADCTR A 130,GRADCTR A 130 132,GRADCTR A 130 132-1,Single (Suite/Apartment),,DynamicGender,24-25 Fall Senior Selection
GRAD CENTER A,GRADCTR A FL 1,GRADCTR A 130,GRADCTR A 130 133,GRADCTR A 130 133-1,Single (Suite/Apartment),,DynamicGender,24-25 Fall Senior Selection
GRAD CENTER A,GRADCTR A FL 1,GRADCTR A 130,GRADCTR A 130 134,GRADCTR A 130 134-1,Single (Suite/Apartment),,DynamicGender,24-25 Fall Senior Selection
GRAD CENTER A,GRADCTR A FL 1,GRADCTR A 130,GRADCTR A 130 135,GRADCTR A 130 135-1,Single (Suite/Apartment),,DynamicGender,24-25 Fall Senior Selection
GRAD CENTER A,GRADCTR A FL 2,GRADCTR A 220,GRADCTR A 220 221,GRADCTR A 220 221-1,Single (Suite/Apartment),,DynamicGender,24-25 Fall Senior Selection
GRAD CENTER A,GRADCTR A FL 2,GRADCTR A 220,GRADCTR A 220 222,GRADCTR A 220 222-1,Single (Suite/Apartment),,DynamicGender,24-25 Fall Senior Selection
GRAD CENTER A,GRADCTR A FL 2,GRADCTR A 220,GRADCTR A 220 223,GRADCTR A 220 223-1,Single (Suite/Apartment),,DynamicGender,24-25 Fall Senior Selection
GRAD CENTER A,GRADCTR A FL 2,GRADCTR A 220,GRADCTR A 220 224,GRADCTR A 220 224-1,Single (Suite/Apartment),,DynamicGender,24-25 Fall Senior Selection
GRAD CENTER A,GRADCTR A FL 2,GRADCTR A 220,GRADCTR A 220 225,GRADCTR A 220 225-1,Single (Suite/Apartment),,DynamicGender,24-25 Fall Senior Selection
GRAD CENTER A,GRADCTR A FL 2,GRADCTR A 240,GRADCTR A 240 241,GRADCTR A 240 241-1,Single (Suite/Apartment),,DynamicGender,24-25 Fall Senior Selection
GRAD CENTER A,GRADCTR A FL 2,GRADCTR A 240,GRADCTR A 240 242,GRADCTR A 240 242-1,Single (Suite/Apartment),,DynamicGender,24-25 Fall Senior Selection
GRAD CENTER A,GRADCTR A FL 2,GRADCTR A 240,GRADCTR A 240 243,GRADCTR A 240 243-1,Single (Suite/Apartment),,DynamicGender,24-25 Fall Senior Selection
GRAD CENTER A,GRADCTR A FL 2,GRADCTR A 240,GRADCTR A 240 244,GRADCTR A 240 244-1,Single (Suite/Apartment),,DynamicGender,24-25 Fall Senior Selection
GRAD CENTER A,GRADCTR A FL 2,GRADCTR A 240,GRADCTR A 240 245,GRADCTR A 240 245-1,Single (Suite/Apartment),,DynamicGender,24-25 Fall Senior Selection
GRAD CENTER A,GRADCTR A FL 2,GRADCTR A 240,GRADCTR A 240 246,GRADCTR A 240 246-1,Single (Suite/Apartment),,DynamicGender,24-25 Fall Senior Selection
GRAD CENTER A,GRADCTR A FL 3,GRADCTR A 330,GRADCTR A 330 331,GRADCTR A 330 331-1,Single (Suite/Apartment),,DynamicGender,24-25 Fall Senior Selection
GRAD CENTER A,GRADCTR A FL 3,GRADCTR A 330,GRADCTR A 330 332,GRADCTR A 330 332-1,Single (Suite/Apartment),,DynamicGender,24-25 Fall Senior Selection
GRAD CENTER A,GRADCTR A FL 3,GRADCTR A 330,GRADCTR A 330 333,GRADCTR A 330 333-1,Single (Suite/Apartment),,DynamicGender,24-25 Fall Senior Selection
GRAD CENTER A,GRADCTR A FL 3,GRADCTR A 330,GRADCTR A 330 334,GRADCTR A 330 334-1,Single (Suite/Apartment),,DynamicGender,24-25 Fall Senior Selection
GRAD CENTER A,GRADCTR A FL 3,GRADCTR A 330,GRADCTR A 330 335,GRADCTR A 330 335-1,Single (Suite/Apartment),,DynamicGender,24-25 Fall Senior Selection
GRAD CENTER A,GRADCTR A FL 3,GRADCTR A 340,GRADCTR A 340 341,GRADCTR A 340 341-1,Single (Suite/Apartment),,DynamicGender,24-25 Fall Senior Selection
GRAD CENTER A,GRADCTR A FL 3,GRADCTR A 340,GRADCTR A 340 342,GRADCTR A 340 342-1,Single (Suite/Apartment),,DynamicGender,24-25 Fall Senior Selection
GRAD CENTER A,GRADCTR A FL 3,GRADCTR A 340,GRADCTR A 340 343,GRADCTR A 340 343-1,Single (Suite/Apartment),,DynamicGender,24-25 Fall Senior Selection
GRAD CENTER A,GRADCTR A FL 3,GRADCTR A 340,GRADCTR A 340 344,GRADCTR A 340 344-1,Single (Suite/Apartment),,DynamicGender,24-25 Fall Senior Selection
GRAD CENTER A,GRADCTR A FL 3,GRADCTR A 340,GRADCTR A 340 345,GRADCTR A 340 345-1,Single (Suite/Apartment),,DynamicGender,24-25 Fall Senior Selection
GRAD CENTER A,GRADCTR A FL 3,GRADCTR A 340,GRADCTR A 340 346,GRADCTR A 340 346-1,Single (Suite/Apartment),,DynamicGender,24-25 Fall Senior Selection
GRAD CENTER A,GRADCTR A FL 4,GRADCTR A 430,GRADCTR A 430 431,GRADCTR A 430 431-1,Single (Suite/Apartment),,DynamicGender,24-25 Fall Senior Selection
GRAD CENTER A,GRADCTR A FL 4,GRADCTR A 430,GRADCTR A 430 432,GRADCTR A 430 432-1,Single (Suite/Apartment),,DynamicGender,24-25 Fall Senior Selection
GRAD CENTER A,GRADCTR A FL 4,GRADCTR A 430,GRADCTR A 430 433,GRADCTR A 430 433-1,Single (Suite/Apartment),,DynamicGender,24-25 Fall Senior Selection
GRAD CENTER A,GRADCTR A FL 4,GRADCTR A 430,GRADCTR A 430 434,GRADCTR A 430 434-1,Single (Suite/Apartment),,DynamicGender,24-25 Fall Senior Selection
Building,Floor,Suite,Room,Bed,Room Type,Suite Size (if applicable),Room Gender,Room Profile
GRAD CENTER A,GRADCTR A FL 4,GRADCTR A 430,GRADCTR A 430 435,GRADCTR A 430 435-1,Single (Suite/Apartment),,DynamicGender,24-25 Fall Senior Selection
GRAD CENTER A,GRADCTR A FL 5,GRADCTR A 510,GRADCTR A 510 511,GRADCTR A 510 511-1,Single (Suite/Apartment),,DynamicGender,24-25 Fall Senior Selection
GRAD CENTER A,GRADCTR A FL 5,GRADCTR A 510,GRADCTR A 510 512,GRADCTR A 510 512-1,Single (Suite/Apartment),,DynamicGender,24-25 Fall Senior Selection
GRAD CENTER A,GRADCTR A FL 5,GRADCTR A 510,GRADCTR A 510 513,GRADCTR A 510 513-1,Single (Suite/Apartment),,DynamicGender,24-25 Fall Senior Selection
GRAD CENTER A,GRADCTR A FL 5,GRADCTR A 510,GRADCTR A 510 514,GRADCTR A 510 514-1,Single (Suite/Apartment),,DynamicGender,24-25 Fall Senior Selection
GRAD CENTER A,GRADCTR A FL 5,GRADCTR A 510,GRADCTR A 510 515,GRADCTR A 510 515-1,Single (Suite/Apartment),,DynamicGender,24-25 Fall Senior Selection
GRAD CENTER A,GRADCTR A FL 5,GRADCTR A 520,GRADCTR A 520 521,GRADCTR A 520 521-1,Single (Suite/Apartment),,DynamicGender,24-25 Fall Senior Selection
GRAD CENTER A,GRADCTR A FL 5,GRADCTR A 520,GRADCTR A 520 522,GRADCTR A 520 522-1,Single (Suite/Apartment),,DynamicGender,24-25 Fall Senior Selection
GRAD CENTER A,GRADCTR A FL 5,GRADCTR A 520,GRADCTR A 520 523,GRADCTR A 520 523-1,Single (Suite/Apartment),,DynamicGender,24-25 Fall Senior Selection
GRAD CENTER A,GRADCTR A FL 5,GRADCTR A 520,GRADCTR A 520 524,GRADCTR A 520 524-1,Single (Suite/Apartment),,DynamicGender,24-25 Fall Senior Selection
GRAD CENTER A,GRADCTR A FL 5,GRADCTR A 520,GRADCTR A 520 525,GRADCTR A 520 525-1,Single (Suite/Apartment),,DynamicGender,24-25 Fall Senior Selection
GRAD CENTER A,GRADCTR A FL 5,GRADCTR A 530,GRADCTR A 530 531,GRADCTR A 530 531-1,Single (Suite/Apartment),,DynamicGender,24-25 Fall Senior Selection
GRAD CENTER A,GRADCTR A FL 5,GRADCTR A 530,GRADCTR A 530 532,GRADCTR A 530 532-1,Single (Suite/Apartment),,DynamicGender,24-25 Fall Senior Selection
GRAD CENTER A,GRADCTR A FL 5,GRADCTR A 530,GRADCTR A 530 533,GRADCTR A 530 533-1,Single (Suite/Apartment),,DynamicGender,24-25 Fall Senior Selection
GRAD CENTER A,GRADCTR A FL 5,GRADCTR A 530,GRADCTR A 530 534,GRADCTR A 530 534-1,Single (Suite/Apartment),,DynamicGender,24-25 Fall Senior Selection
GRAD CENTER A,GRADCTR A FL 5,GRADCTR A 530,GRADCTR A 530 535,GRADCTR A 530 535-1,Single (Suite/Apartment),,DynamicGender,24-25 Fall Senior Selection
GRAD CENTER B,GRADCTR B FL 1,GRADCTR B 110,GRADCTR B 110 111,GRADCTR B 110 111-1,Single (Suite/Apartment),,DynamicGender,24-25 Fall Senior Selection
GRAD CENTER B,GRADCTR B FL 1,GRADCTR B 110,GRADCTR B 110 112,GRADCTR B 110 112-1,Single (Suite/Apartment),,DynamicGender,24-25 Fall Senior Selection
GRAD CENTER B,GRADCTR B FL 1,GRADCTR B 110,GRADCTR B 110 113,GRADCTR B 110 113-1,Single (Suite/Apartment),,DynamicGender,24-25 Fall Senior Selection
GRAD CENTER B,GRADCTR B FL 1,GRADCTR B 110,GRADCTR B 110 114,GRADCTR B 110 114-1,Single (Suite/Apartment),,DynamicGender,24-25 Fall Senior Selection
GRAD CENTER B,GRADCTR B FL 1,GRADCTR B 110,GRADCTR B 110 115,GRADCTR B 110 115-1,Single (Suite/Apartment),,DynamicGender,24-25 Fall Senior Selection
GRAD CENTER B,GRADCTR B FL 2,GRADCTR B 210,GRADCTR B 210 211,GRADCTR B 210 211-1,Single (Suite/Apartment),,DynamicGender,24-25 Fall Senior Selection
GRAD CENTER B,GRADCTR B FL 2,GRADCTR B 210,GRADCTR B 210 212,GRADCTR B 210 212-1,Single (Suite/Apartment),,DynamicGender,24-25 Fall Senior Selection
GRAD CENTER B,GRADCTR B FL 2,GRADCTR B 210,GRADCTR B 210 213,GRADCTR B 210 213-1,Single (Suite/Apartment),,DynamicGender,24-25 Fall Senior Selection
GRAD CENTER B,GRADCTR B FL 2,GRADCTR B 210,GRADCTR B 210 214,GRADCTR B 210 214-1,Single (Suite/Apartment),,DynamicGender,24-25 Fall Senior Selection
GRAD CENTER B,GRADCTR B FL 2,GRADCTR B 210,GRADCTR B 210 215,GRADCTR B 210 215-1,Single (Suite/Apartment),,DynamicGender,24-25 Fall Senior Selection
GRAD CENTER B,GRADCTR B FL 2,GRADCTR B 210,GRADCTR B 210 216,GRADCTR B 210 216-1,Single (Suite/Apartment),,DynamicGender,24-25 Fall Senior Selection
GRAD CENTER B,GRADCTR B FL 3,GRADCTR B 310,GRADCTR B 310 311,GRADCTR B 310 311-1,Single (Suite/Apartment),,DynamicGender,24-25 Fall Senior Selection
GRAD CENTER B,GRADCTR B FL 3,GRADCTR B 310,GRADCTR B 310 312,GRADCTR B 310 312-1,Single (Suite/Apartment),,DynamicGender,24-25 Fall Senior Selection
GRAD CENTER B,GRADCTR B FL 3,GRADCTR B 310,GRADCTR B 310 313,GRADCTR B 310 313-1,Single (Suite/Apartment),,DynamicGender,24-25 Fall Senior Selection
GRAD CENTER B,GRADCTR B FL 3,GRADCTR B 310,GRADCTR B 310 314,GRADCTR B 310 314-1,Single (Suite/Apartment),,DynamicGender,24-25 Fall Senior Selection
GRAD CENTER B,GRADCTR B FL 3,GRADCTR B 310,GRADCTR B 310 315,GRADCTR B 310 315-1,Single (Suite/Apartment),,DynamicGender,24-25 Fall Senior Selection
GRAD CENTER B,GRADCTR B FL 3,GRADCTR B 310,GRADCTR B 310 316,GRADCTR B 310 316-1,Single (Suite/Apartment),,DynamicGender,24-25 Fall Senior Selection
GRAD CENTER B,GRADCTR B FL 3,GRADCTR B 320,GRADCTR B 320 321,GRADCTR B 320 321-1,Single (Suite/Apartment),,DynamicGender,24-25 Fall Senior Selection
GRAD CENTER B,GRADCTR B FL 3,GRADCTR B 320,GRADCTR B 320 322,GRADCTR B 320 322-1,Single (Suite/Apartment),,DynamicGender,24-25 Fall Senior Selection
GRAD CENTER B,GRADCTR B FL 3,GRADCTR B 320,GRADCTR B 320 323,GRADCTR B 320 323-1,Single (Suite/Apartment),,DynamicGender,24-25 Fall Senior Selection
GRAD CENTER B,GRADCTR B FL 3,GRADCTR B 320,GRADCTR B 320 324,GRADCTR B 320 324-1,Single (Suite/Apartment),,DynamicGender,24-25 Fall Senior Selection
GRAD CENTER B,GRADCTR B FL 3,GRADCTR B 320,GRADCTR B 320 325,GRADCTR B 320 325-1,Single (Suite/Apartment),,DynamicGender,24-25 Fall Senior Selection
GRAD CENTER B,GRADCTR B FL 4,GRADCTR B 420,GRADCTR B 420 421,GRADCTR B 420 421-1,Single (Suite/Apartment),,DynamicGender,24-25 Fall Senior Selection
GRAD CENTER B,GRADCTR B FL 4,GRADCTR B 420,GRADCTR B 420 422,GRADCTR B 420 422-1,Single (Suite/Apartment),,DynamicGender,24-25 Fall Senior Selection
GRAD CENTER B,GRADCTR B FL 4,GRADCTR B 420,GRADCTR B 420 423,GRADCTR B 420 423-1,Single (Suite/Apartment),,DynamicGender,24-25 Fall Senior Selection
GRAD CENTER B,GRADCTR B FL 4,GRADCTR B 420,GRADCTR B 420 424,GRADCTR B 420 424-1,Single (Suite/Apartment),,DynamicGender,24-25 Fall Senior Selection
GRAD CENTER B,GRADCTR B FL 4,GRADCTR B 420,GRADCTR B 420 425,GRADCTR B 420 425-1,Single (Suite/Apartment),,DynamicGender,24-25 Fall Senior Selection
GRAD CENTER B,GRADCTR B FL 4,GRADCTR B 440,GRADCTR B 440 441,GRADCTR B 440 441-1,Single (Suite/Apartment),,DynamicGender,24-25 Fall Senior Selection
GRAD CENTER B,GRADCTR B FL 4,GRADCTR B 440,GRADCTR B 440 442,GRADCTR B 440 442-1,Single (Suite/Apartment),,DynamicGender,24-25 Fall Senior Selection
Building,Floor,Suite,Room,Bed,Room Type,Suite Size (if applicable),Room Gender,Room Profile
GRAD CENTER B,GRADCTR B FL 4,GRADCTR B 440,GRADCTR B 440 443,GRADCTR B 440 443-1,Single (Suite/Apartment),,DynamicGender,24-25 Fall Senior Selection
GRAD CENTER B,GRADCTR B FL 4,GRADCTR B 440,GRADCTR B 440 444,GRADCTR B 440 444-1,Single (Suite/Apartment),,DynamicGender,24-25 Fall Senior Selection
GRAD CENTER B,GRADCTR B FL 4,GRADCTR B 440,GRADCTR B 440 445,GRADCTR B 440 445-1,Single (Suite/Apartment),,DynamicGender,24-25 Fall Senior Selection
GRAD CENTER B,GRADCTR B FL 5,GRADCTR B 520,GRADCTR B 520 521,GRADCTR B 520 521-1,Single (Suite/Apartment),,DynamicGender,24-25 Fall Senior Selection
GRAD CENTER B,GRADCTR B FL 5,GRADCTR B 520,GRADCTR B 520 522,GRADCTR B 520 522-1,Single (Suite/Apartment),,DynamicGender,24-25 Fall Senior Selection
GRAD CENTER B,GRADCTR B FL 5,GRADCTR B 520,GRADCTR B 520 523,GRADCTR B 520 523-1,Single (Suite/Apartment),,DynamicGender,24-25 Fall Senior Selection
GRAD CENTER B,GRADCTR B FL 5,GRADCTR B 520,GRADCTR B 520 524,GRADCTR B 520 524-1,Single (Suite/Apartment),,DynamicGender,24-25 Fall Senior Selection
GRAD CENTER B,GRADCTR B FL 5,GRADCTR B 520,GRADCTR B 520 525,GRADCTR B 520 525-1,Single (Suite/Apartment),,DynamicGender,24-25 Fall Senior Selection
GRAD CENTER B,GRADCTR B FL 5,GRADCTR B 540,GRADCTR B 540 541,GRADCTR B 540 541-1,Single (Suite/Apartment),,DynamicGender,24-25 Fall Senior Selection
GRAD CENTER B,GRADCTR B FL 5,GRADCTR B 540,GRADCTR B 540 542,GRADCTR B 540 542-1,Single (Suite/Apartment),,DynamicGender,24-25 Fall Senior Selection
GRAD CENTER B,GRADCTR B FL 5,GRADCTR B 540,GRADCTR B 540 543,GRADCTR B 540 543-1,Single (Suite/Apartment),,DynamicGender,24-25 Fall Senior Selection
GRAD CENTER B,GRADCTR B FL 5,GRADCTR B 540,GRADCTR B 540 544,GRADCTR B 540 544-1,Single (Suite/Apartment),,DynamicGender,24-25 Fall Senior Selection
GRAD CENTER B,GRADCTR B FL 5,GRADCTR B 540,GRADCTR B 540 545,GRADCTR B 540 545-1,Single (Suite/Apartment),,DynamicGender,24-25 Fall Senior Selection
GRAD CENTER B,GRADCTR B FL 6,GRADCTR B 640,GRADCTR B 640 641,GRADCTR B 640 641-1,Single (Suite/Apartment),,DynamicGender,24-25 Fall Senior Selection
GRAD CENTER B,GRADCTR B FL 6,GRADCTR B 640,GRADCTR B 640 642,GRADCTR B 640 642-1,Single (Suite/Apartment),,DynamicGender,24-25 Fall Senior Selection
GRAD CENTER B,GRADCTR B FL 6,GRADCTR B 640,GRADCTR B 640 643,GRADCTR B 640 643-1,Single (Suite/Apartment),,DynamicGender,24-25 Fall Senior Selection
GRAD CENTER B,GRADCTR B FL 6,GRADCTR B 640,GRADCTR B 640 644,GRADCTR B 640 644-1,Single (Suite/Apartment),,DynamicGender,24-25 Fall Senior Selection
GRAD CENTER B,GRADCTR B FL 6,GRADCTR B 640,GRADCTR B 640 645,GRADCTR B 640 645-1,Single (Suite/Apartment),,DynamicGender,24-25 Fall Senior Selection
GRAD CENTER C,GRADCTR C FL 1,GRADCTR C 110,GRADCTR C 110 112,GRADCTR C 110 112-1,Single (Suite/Apartment),,DynamicGender,24-25 Fall Senior Selection
GRAD CENTER C,GRADCTR C FL 1,GRADCTR C 110,GRADCTR C 110 113,GRADCTR C 110 113-1,Single (Suite/Apartment),,DynamicGender,24-25 Fall Senior Selection
GRAD CENTER C,GRADCTR C FL 1,GRADCTR C 110,GRADCTR C 110 114,GRADCTR C 110 114-1,Single (Suite/Apartment),,DynamicGender,24-25 Fall Senior Selection
GRAD CENTER C,GRADCTR C FL 1,GRADCTR C 110,GRADCTR C 110 115,GRADCTR C 110 115-1,Single (Suite/Apartment),,DynamicGender,24-25 Fall Senior Selection
GRAD CENTER C,GRADCTR C FL 1,GRADCTR C 130,GRADCTR C 130 131,GRADCTR C 130 131-1,Single (Suite/Apartment),,DynamicGender,24-25 Fall Senior Selection
GRAD CENTER C,GRADCTR C FL 1,GRADCTR C 130,GRADCTR C 130 133,GRADCTR C 130 133-1,Single (Suite/Apartment),,DynamicGender,24-25 Fall Senior Selection
GRAD CENTER C,GRADCTR C FL 1,GRADCTR C 130,GRADCTR C 130 134,GRADCTR C 130 134-1,Single (Suite/Apartment),,DynamicGender,24-25 Fall Senior Selection
GRAD CENTER C,GRADCTR C FL 1,GRADCTR C 130,GRADCTR C 130 135,GRADCTR C 130 135-1,Single (Suite/Apartment),,DynamicGender,24-25 Fall Senior Selection
GRAD CENTER C,GRADCTR C FL 2,GRADCTR C 210,GRADCTR C 210 211,GRADCTR C 210 211-1,Single (Suite/Apartment),,DynamicGender,24-25 Fall Senior Selection
GRAD CENTER C,GRADCTR C FL 2,GRADCTR C 210,GRADCTR C 210 212,GRADCTR C 210 212-1,Single (Suite/Apartment),,DynamicGender,24-25 Fall Senior Selection
GRAD CENTER C,GRADCTR C FL 2,GRADCTR C 210,GRADCTR C 210 213,GRADCTR C 210 213-1,Single (Suite/Apartment),,DynamicGender,24-25 Fall Senior Selection
GRAD CENTER C,GRADCTR C FL 2,GRADCTR C 210,GRADCTR C 210 214,GRADCTR C 210 214-1,Single (Suite/Apartment),,DynamicGender,24-25 Fall Senior Selection
GRAD CENTER C,GRADCTR C FL 2,GRADCTR C 210,GRADCTR C 210 215,GRADCTR C 210 215-1,Single (Suite/Apartment),,DynamicGender,24-25 Fall Senior Selection
GRAD CENTER C,GRADCTR C FL 2,GRADCTR C 210,GRADCTR C 210 216,GRADCTR C 210 216-1,Single (Suite/Apartment),,DynamicGender,24-25 Fall Senior Selection
GRAD CENTER C,GRADCTR C FL 2,GRADCTR C 230,GRADCTR C 230 232,GRADCTR C 230 232-1,Single (Suite/Apartment),,DynamicGender,24-25 Fall Senior Selection
GRAD CENTER C,GRADCTR C FL 2,GRADCTR C 230,GRADCTR C 230 233,GRADCTR C 230 233-1,Single (Suite/Apartment),,DynamicGender,24-25 Fall Senior Selection
GRAD CENTER C,GRADCTR C FL 2,GRADCTR C 230,GRADCTR C 230 234,GRADCTR C 230 234-1,Single (Suite/Apartment),,DynamicGender,24-25 Fall Senior Selection
GRAD CENTER C,GRADCTR C FL 2,GRADCTR C 230,GRADCTR C 230 235,GRADCTR C 230 235-1,Single (Suite/Apartment),,DynamicGender,24-25 Fall Senior Selection
GRAD CENTER C,GRADCTR C FL 3,GRADCTR C 310,GRADCTR C 310 311,GRADCTR C 310 311-1,Single (Suite/Apartment),,DynamicGender,24-25 Fall Senior Selection
GRAD CENTER C,GRADCTR C FL 3,GRADCTR C 310,GRADCTR C 310 312,GRADCTR C 310 312-1,Single (Suite/Apartment),,DynamicGender,24-25 Fall Senior Selection
GRAD CENTER C,GRADCTR C FL 3,GRADCTR C 310,GRADCTR C 310 313,GRADCTR C 310 313-1,Single (Suite/Apartment),,DynamicGender,24-25 Fall Senior Selection
GRAD CENTER C,GRADCTR C FL 3,GRADCTR C 310,GRADCTR C 310 314,GRADCTR C 310 314-1,Single (Suite/Apartment),,DynamicGender,24-25 Fall Senior Selection
GRAD CENTER C,GRADCTR C FL 3,GRADCTR C 310,GRADCTR C 310 315,GRADCTR C 310 315-1,Single (Suite/Apartment),,DynamicGender,24-25 Fall Senior Selection
GRAD CENTER C,GRADCTR C FL 3,GRADCTR C 310,GRADCTR C 310 316,GRADCTR C 310 316-1,Single (Suite/Apartment),,DynamicGender,24-25 Fall Senior Selection
GRAD CENTER C,GRADCTR C FL 3,GRADCTR C 330,GRADCTR C 330 331,GRADCTR C 330 331-1,Single (Suite/Apartment),,DynamicGender,24-25 Fall Senior Selection
GRAD CENTER C,GRADCTR C FL 3,GRADCTR C 330,GRADCTR C 330 332,GRADCTR C 330 332-1,Single (Suite/Apartment),,DynamicGender,24-25 Fall Senior Selection
GRAD CENTER C,GRADCTR C FL 3,GRADCTR C 330,GRADCTR C 330 333,GRADCTR C 330 333-1,Single (Suite/Apartment),,DynamicGender,24-25 Fall Senior Selection
Building,Floor,Suite,Room,Bed,Room Type,Suite Size (if applicable),Room Gender,Room Profile
GRAD CENTER C,GRADCTR C FL 3,GRADCTR C 330,GRADCTR C 330 334,GRADCTR C 330 334-1,Single (Suite/Apartment),,DynamicGender,24-25 Fall Senior Selection
GRAD CENTER C,GRADCTR C FL 3,GRADCTR C 330,GRADCTR C 330 335,GRADCTR C 330 335-1,Single (Suite/Apartment),,DynamicGender,24-25 Fall Senior Selection
GRAD CENTER C,GRADCTR C FL 3,GRADCTR C 340,GRADCTR C 340 341,GRADCTR C 340 341-1,Single (Suite/Apartment),,DynamicGender,24-25 Fall Senior Selection
GRAD CENTER C,GRADCTR C FL 3,GRADCTR C 340,GRADCTR C 340 342,GRADCTR C 340 342-1,Single (Suite/Apartment),,DynamicGender,24-25 Fall Senior Selection
GRAD CENTER C,GRADCTR C FL 3,GRADCTR C 340,GRADCTR C 340 343,GRADCTR C 340 343-1,Single (Suite/Apartment),,DynamicGender,24-25 Fall Senior Selection
GRAD CENTER C,GRADCTR C FL 3,GRADCTR C 340,GRADCTR C 340 344,GRADCTR C 340 344-1,Single (Suite/Apartment),,DynamicGender,24-25 Fall Senior Selection
GRAD CENTER C,GRADCTR C FL 3,GRADCTR C 340,GRADCTR C 340 345,GRADCTR C 340 345-1,Single (Suite/Apartment),,DynamicGender,24-25 Fall Senior Selection
GRAD CENTER C,GRADCTR C FL 4,GRADCTR C 430,GRADCTR C 430 431,GRADCTR C 430 431-1,Single (Suite/Apartment),,DynamicGender,24-25 Fall Senior Selection
GRAD CENTER C,GRADCTR C FL 4,GRADCTR C 430,GRADCTR C 430 432,GRADCTR C 430 432-1,Single (Suite/Apartment),,DynamicGender,24-25 Fall Senior Selection
GRAD CENTER C,GRADCTR C FL 4,GRADCTR C 430,GRADCTR C 430 433,GRADCTR C 430 433-1,Single (Suite/Apartment),,DynamicGender,24-25 Fall Senior Selection
GRAD CENTER C,GRADCTR C FL 4,GRADCTR C 430,GRADCTR C 430 434,GRADCTR C 430 434-1,Single (Suite/Apartment),,DynamicGender,24-25 Fall Senior Selection
GRAD CENTER C,GRADCTR C FL 4,GRADCTR C 430,GRADCTR C 430 435,GRADCTR C 430 435-1,Single (Suite/Apartment),,DynamicGender,24-25 Fall Senior Selection
GRAD CENTER C,GRADCTR C FL 4,GRADCTR C 440,GRADCTR C 440 441,GRADCTR C 440 441-1,Single (Suite/Apartment),,DynamicGender,24-25 Fall Senior Selection
GRAD CENTER C,GRADCTR C FL 4,GRADCTR C 440,GRADCTR C 440 442,GRADCTR C 440 442-1,Single (Suite/Apartment),,DynamicGender,24-25 Fall Senior Selection
GRAD CENTER C,GRADCTR C FL 4,GRADCTR C 440,GRADCTR C 440 443,GRADCTR C 440 443-1,Single (Suite/Apartment),,DynamicGender,24-25 Fall Senior Selection
GRAD CENTER C,GRADCTR C FL 4,GRADCTR C 440,GRADCTR C 440 444,GRADCTR C 440 444-1,Single (Suite/Apartment),,DynamicGender,24-25 Fall Senior Selection
GRAD CENTER C,GRADCTR C FL 4,GRADCTR C 440,GRADCTR C 440 445,GRADCTR C 440 445-1,Single (Suite/Apartment),,DynamicGender,24-25 Fall Senior Selection
GRAD CENTER D,GRADCTR D FL 2,GRADCTR D 220,GRADCTR D 220 221,GRADCTR D 220 221-1,Single (Suite/Apartment),,DynamicGender,24-25 Fall Senior Selection
GRAD CENTER D,GRADCTR D FL 2,GRADCTR D 220,GRADCTR D 220 222,GRADCTR D 220 222-1,Single (Suite/Apartment),,DynamicGender,24-25 Fall Senior Selection
GRAD CENTER D,GRADCTR D FL 2,GRADCTR D 220,GRADCTR D 220 223,GRADCTR D 220 223-1,Single (Suite/Apartment),,DynamicGender,24-25 Fall Senior Selection
GRAD CENTER D,GRADCTR D FL 2,GRADCTR D 220,GRADCTR D 220 224,GRADCTR D 220 224-1,Single (Suite/Apartment),,DynamicGender,24-25 Fall Senior Selection
GRAD CENTER D,GRADCTR D FL 2,GRADCTR D 220,GRADCTR D 220 225,GRADCTR D 220 225-1,Single (Suite/Apartment),,DynamicGender,24-25 Fall Senior Selection
GRAD CENTER D,GRADCTR D FL 3,GRADCTR D 330,GRADCTR D 330 331,GRADCTR D 330 331-1,Single (Suite/Apartment),,DynamicGender,24-25 Fall Senior Selection
GRAD CENTER D,GRADCTR D FL 3,GRADCTR D 330,GRADCTR D 330 332,GRADCTR D 330 332-1,Single (Suite/Apartment),,DynamicGender,24-25 Fall Senior Selection
GRAD CENTER D,GRADCTR D FL 3,GRADCTR D 330,GRADCTR D 330 333,GRADCTR D 330 333-1,Single (Suite/Apartment),,DynamicGender,24-25 Fall Senior Selection
GRAD CENTER D,GRADCTR D FL 3,GRADCTR D 330,GRADCTR D 330 334,GRADCTR D 330 334-1,Single (Suite/Apartment),,DynamicGender,24-25 Fall Senior Selection
GRAD CENTER D,GRADCTR D FL 3,GRADCTR D 330,GRADCTR D 330 335,GRADCTR D 330 335-1,Single (Suite/Apartment),,DynamicGender,24-25 Fall Senior Selection
GRAD CENTER D,GRADCTR D FL 3,GRADCTR D 340,GRADCTR D 340 341,GRADCTR D 340 341-1,Single (Suite/Apartment),,DynamicGender,24-25 Fall Senior Selection
GRAD CENTER D,GRADCTR D FL 3,GRADCTR D 340,GRADCTR D 340 342,GRADCTR D 340 342-1,Single (Suite/Apartment),,DynamicGender,24-25 Fall Senior Selection
GRAD CENTER D,GRADCTR D FL 3,GRADCTR D 340,GRADCTR D 340 343,GRADCTR D 340 343-1,Single (Suite/Apartment),,DynamicGender,24-25 Fall Senior Selection
GRAD CENTER D,GRADCTR D FL 3,GRADCTR D 340,GRADCTR D 340 344,GRADCTR D 340 344-1,Single (Suite/Apartment),,DynamicGender,24-25 Fall Senior Selection
GRAD CENTER D,GRADCTR D FL 3,GRADCTR D 340,GRADCTR D 340 345,GRADCTR D 340 345-1,Single (Suite/Apartment),,DynamicGender,24-25 Fall Senior Selection
GRAD CENTER D,GRADCTR D FL 3,GRADCTR D 340,GRADCTR D 340 346,GRADCTR D 340 346-1,Single (Suite/Apartment),,DynamicGender,24-25 Fall Senior Selection
GRAD CENTER D,GRADCTR D FL 4,GRADCTR D 420,GRADCTR D 420 421,GRADCTR D 420 421-1,Single (Suite/Apartment),,DynamicGender,24-25 Fall Senior Selection
GRAD CENTER D,GRADCTR D FL 4,GRADCTR D 420,GRADCTR D 420 422,GRADCTR D 420 422-1,Single (Suite/Apartment),,DynamicGender,24-25 Fall Senior Selection
GRAD CENTER D,GRADCTR D FL 4,GRADCTR D 420,GRADCTR D 420 423,GRADCTR D 420 423-1,Single (Suite/Apartment),,DynamicGender,24-25 Fall Senior Selection
GRAD CENTER D,GRADCTR D FL 4,GRADCTR D 420,GRADCTR D 420 425,GRADCTR D 420 425-1,Single (Suite/Apartment),,DynamicGender,24-25 Fall Senior Selection
GRAD CENTER D,GRADCTR D FL 5,GRADCTR D 510,GRADCTR D 510 511,GRADCTR D 510 511-1,Single (Suite/Apartment),,DynamicGender,24-25 Fall Senior Selection
GRAD CENTER D,GRADCTR D FL 5,GRADCTR D 510,GRADCTR D 510 512,GRADCTR D 510 512-1,Single (Suite/Apartment),,DynamicGender,24-25 Fall Senior Selection
GRAD CENTER D,GRADCTR D FL 5,GRADCTR D 510,GRADCTR D 510 513,GRADCTR D 510 513-1,Single (Suite/Apartment),,DynamicGender,24-25 Fall Senior Selection
GRAD CENTER D,GRADCTR D FL 5,GRADCTR D 510,GRADCTR D 510 514,GRADCTR D 510 514-1,Single (Suite/Apartment),,DynamicGender,24-25 Fall Senior Selection
GRAD CENTER D,GRADCTR D FL 5,GRADCTR D 510,GRADCTR D 510 515,GRADCTR D 510 515-1,Single (Suite/Apartment),,DynamicGender,24-25 Fall Senior Selection
GREGORIAN QUAD A,GREG A FL 2,GREG A 202,GREG A 202 202A,GREG A 202 202A-1,Single (Suite/Apartment),4,CoEd,24-25 Fall Senior Selection
GREGORIAN QUAD A,GREG A FL 2,GREG A 202,GREG A 202 202B,GREG A 202 202B-1,Single (Suite/Apartment),4,CoEd,24-25 Fall Senior Selection
GREGORIAN QUAD A,GREG A FL 2,GREG A 202,GREG A 202 202C,GREG A 202 202C-1,Single (Suite/Apartment),4,CoEd,24-25 Fall Senior Selection
Building,Floor,Suite,Room,Bed,Room Type,Suite Size (if applicable),Room Gender,Room Profile
GREGORIAN QUAD A,GREG A FL 2,GREG A 202,GREG A 202 202D,GREG A 202 202D-1,Single (Suite/Apartment),4,CoEd,24-25 Fall Senior Selection
GREGORIAN QUAD A,GREG A FL 2,GREG A 205,GREG A 205 205A,GREG A 205 205A-1,Single (Suite/Apartment),3,CoEd,24-25 Fall Senior Selection
GREGORIAN QUAD A,GREG A FL 2,GREG A 205,GREG A 205 205B,GREG A 205 205B-1,Single (Suite/Apartment),3,CoEd,24-25 Fall Senior Selection
GREGORIAN QUAD A,GREG A FL 2,GREG A 205,GREG A 205 205C,GREG A 205 205C-1,Single (Suite/Apartment),3,CoEd,24-25 Fall Senior Selection
GREGORIAN QUAD A,GREG A FL 2,GREG A 206,GREG A 206 206A,GREG A 206 206A-1,Single (Suite/Apartment),4,CoEd,24-25 Fall Senior Selection
GREGORIAN QUAD A,GREG A FL 2,GREG A 206,GREG A 206 206B,GREG A 206 206B-1,Single (Suite/Apartment),4,CoEd,24-25 Fall Senior Selection
GREGORIAN QUAD A,GREG A FL 2,GREG A 206,GREG A 206 206C,GREG A 206 206C-1,Single (Suite/Apartment),4,CoEd,24-25 Fall Senior Selection
GREGORIAN QUAD A,GREG A FL 2,GREG A 206,GREG A 206 206D,GREG A 206 206D-1,Single (Suite/Apartment),4,CoEd,24-25 Fall Senior Selection
GREGORIAN QUAD A,GREG A FL 2,GREG A 207,GREG A 207 207A,GREG A 207 207A-1,Single (Suite/Apartment),5,CoEd,24-25 Fall Senior Selection
GREGORIAN QUAD A,GREG A FL 2,GREG A 207,GREG A 207 207B,GREG A 207 207B-1,Single (Suite/Apartment),5,CoEd,24-25 Fall Senior Selection
GREGORIAN QUAD A,GREG A FL 2,GREG A 207,GREG A 207 207C,GREG A 207 207C-1,Single (Suite/Apartment),5,CoEd,24-25 Fall Senior Selection
GREGORIAN QUAD A,GREG A FL 2,GREG A 207,GREG A 207 207D,GREG A 207 207D-1,Single (Suite/Apartment),5,CoEd,24-25 Fall Senior Selection
GREGORIAN QUAD A,GREG A FL 2,GREG A 207,GREG A 207 207E,GREG A 207 207E-1,Single (Suite/Apartment),5,CoEd,24-25 Fall Senior Selection
GREGORIAN QUAD A,GREG A FL 2,GREG A 209,GREG A 209 209A,GREG A 209 209A-1,Single (Suite/Apartment),4,CoEd,24-25 Fall Senior Selection
GREGORIAN QUAD A,GREG A FL 2,GREG A 209,GREG A 209 209B,GREG A 209 209B-1,Single (Suite/Apartment),4,CoEd,24-25 Fall Senior Selection
GREGORIAN QUAD A,GREG A FL 2,GREG A 209,GREG A 209 209C,GREG A 209 209C-1,Single (Suite/Apartment),4,CoEd,24-25 Fall Senior Selection
GREGORIAN QUAD A,GREG A FL 2,GREG A 209,GREG A 209 209D,GREG A 209 209D-1,Single (Suite/Apartment),4,CoEd,24-25 Fall Senior Selection
GREGORIAN QUAD A,GREG A FL 2,GREG A 210,GREG A 210 210A,GREG A 210 210A-1,Single (Suite/Apartment),5,CoEd,24-25 Fall Senior Selection
GREGORIAN QUAD A,GREG A FL 2,GREG A 210,GREG A 210 210B,GREG A 210 210B-1,Single (Suite/Apartment),5,CoEd,24-25 Fall Senior Selection
GREGORIAN QUAD A,GREG A FL 2,GREG A 210,GREG A 210 210C,GREG A 210 210C-1,Single (Suite/Apartment),5,CoEd,24-25 Fall Senior Selection
GREGORIAN QUAD A,GREG A FL 2,GREG A 210,GREG A 210 210D,GREG A 210 210D-1,Single (Suite/Apartment),5,CoEd,24-25 Fall Senior Selection
GREGORIAN QUAD A,GREG A FL 2,GREG A 210,GREG A 210 210E,GREG A 210 210E-1,Single (Suite/Apartment),5,CoEd,24-25 Fall Senior Selection
GREGORIAN QUAD A,GREG A FL 2,GREG A 211,GREG A 211 211A,GREG A 211 211A-1,Single (Suite/Apartment),4,CoEd,24-25 Fall Senior Selection
GREGORIAN QUAD A,GREG A FL 2,GREG A 211,GREG A 211 211B,GREG A 211 211B-1,Single (Suite/Apartment),4,CoEd,24-25 Fall Senior Selection
GREGORIAN QUAD A,GREG A FL 2,GREG A 211,GREG A 211 211C,GREG A 211 211C-1,Single (Suite/Apartment),4,CoEd,24-25 Fall Senior Selection
GREGORIAN QUAD A,GREG A FL 2,GREG A 211,GREG A 211 211D,GREG A 211 211D-1,Single (Suite/Apartment),4,CoEd,24-25 Fall Senior Selection
GREGORIAN QUAD A,GREG A FL 2,GREG A 212,GREG A 212 212A,GREG A 212 212A-1,Single (Suite/Apartment),4,CoEd,24-25 Fall Senior Selection
GREGORIAN QUAD A,GREG A FL 2,GREG A 212,GREG A 212 212B,GREG A 212 212B-1,Single (Suite/Apartment),4,CoEd,24-25 Fall Senior Selection
GREGORIAN QUAD A,GREG A FL 2,GREG A 212,GREG A 212 212C,GREG A 212 212C-1,Single (Suite/Apartment),4,CoEd,24-25 Fall Senior Selection
GREGORIAN QUAD A,GREG A FL 2,GREG A 212,GREG A 212 212D,GREG A 212 212D-1,Single (Suite/Apartment),4,CoEd,24-25 Fall Senior Selection
GREGORIAN QUAD A,GREG A FL 3,GREG A 301,GREG A 301 301A,GREG A 301 301A-1,Single (Suite/Apartment),4,CoEd,24-25 Fall Senior Selection
GREGORIAN QUAD A,GREG A FL 3,GREG A 301,GREG A 301 301B,GREG A 301 301B-1,Single (Suite/Apartment),4,CoEd,24-25 Fall Senior Selection
GREGORIAN QUAD A,GREG A FL 3,GREG A 301,GREG A 301 301C,GREG A 301 301C-1,Single (Suite/Apartment),4,CoEd,24-25 Fall Senior Selection
GREGORIAN QUAD A,GREG A FL 3,GREG A 301,GREG A 301 301D,GREG A 301 301D-1,Single (Suite/Apartment),4,CoEd,24-25 Fall Senior Selection
GREGORIAN QUAD A,GREG A FL 3,GREG A 302,GREG A 302 302A,GREG A 302 302A-1,Single (Suite/Apartment),4,CoEd,24-25 Fall Senior Selection
GREGORIAN QUAD A,GREG A FL 3,GREG A 302,GREG A 302 302B,GREG A 302 302B-1,Single (Suite/Apartment),4,CoEd,24-25 Fall Senior Selection
GREGORIAN QUAD A,GREG A FL 3,GREG A 302,GREG A 302 302C,GREG A 302 302C-1,Single (Suite/Apartment),4,CoEd,24-25 Fall Senior Selection
GREGORIAN QUAD A,GREG A FL 3,GREG A 302,GREG A 302 302D,GREG A 302 302D-1,Single (Suite/Apartment),4,CoEd,24-25 Fall Senior Selection
GREGORIAN QUAD A,GREG A FL 3,GREG A 311,GREG A 311 311A,GREG A 311 311A-1,Single (Suite/Apartment),4,CoEd,24-25 Fall Senior Selection
GREGORIAN QUAD A,GREG A FL 3,GREG A 311,GREG A 311 311B,GREG A 311 311B-1,Single (Suite/Apartment),4,CoEd,24-25 Fall Senior Selection
GREGORIAN QUAD A,GREG A FL 3,GREG A 311,GREG A 311 311C,GREG A 311 311C-1,Single (Suite/Apartment),4,CoEd,24-25 Fall Senior Selection
GREGORIAN QUAD A,GREG A FL 3,GREG A 311,GREG A 311 311D,GREG A 311 311D-1,Single (Suite/Apartment),4,CoEd,24-25 Fall Senior Selection
GREGORIAN QUAD A,GREG A FL 3,GREG A 313,GREG A 313 313B,GREG A 313 313B-1,Single (Suite/Apartment),4,CoEd,24-25 Fall Senior Selection
GREGORIAN QUAD A,GREG A FL 3,GREG A 313,GREG A 313 313C,GREG A 313 313C-1,Single (Suite/Apartment),4,CoEd,24-25 Fall Senior Selection
GREGORIAN QUAD A,GREG A FL 3,GREG A 313,GREG A 313 313D,GREG A 313 313D-1,Single (Suite/Apartment),4,CoEd,24-25 Fall Senior Selection
Building,Floor,Suite,Room,Bed,Room Type,Suite Size (if applicable),Room Gender,Room Profile
GREGORIAN QUAD A,GREG A FL 4,GREG A 401,GREG A 401 401A,GREG A 401 401A-1,Single (Suite/Apartment),4,CoEd,24-25 Fall Senior Selection
GREGORIAN QUAD A,GREG A FL 4,GREG A 401,GREG A 401 401B,GREG A 401 401B-1,Single (Suite/Apartment),4,CoEd,24-25 Fall Senior Selection
GREGORIAN QUAD A,GREG A FL 4,GREG A 401,GREG A 401 401C,GREG A 401 401C-1,Single (Suite/Apartment),4,CoEd,24-25 Fall Senior Selection
GREGORIAN QUAD A,GREG A FL 4,GREG A 401,GREG A 401 401D,GREG A 401 401D-1,Single (Suite/Apartment),4,CoEd,24-25 Fall Senior Selection
GREGORIAN QUAD A,GREG A FL 4,GREG A 405,GREG A 405 405A,GREG A 405 405A-1,Single (Suite/Apartment),3,CoEd,24-25 Fall Senior Selection
GREGORIAN QUAD A,GREG A FL 4,GREG A 405,GREG A 405 405B,GREG A 405 405B-1,Single (Suite/Apartment),3,CoEd,24-25 Fall Senior Selection
GREGORIAN QUAD A,GREG A FL 4,GREG A 405,GREG A 405 405C,GREG A 405 405C-1,Single (Suite/Apartment),3,CoEd,24-25 Fall Senior Selection
GREGORIAN QUAD A,GREG A FL 4,GREG A 406,GREG A 406 406A,GREG A 406 406A-1,Single (Suite/Apartment),4,CoEd,24-25 Fall Senior Selection
GREGORIAN QUAD A,GREG A FL 4,GREG A 406,GREG A 406 406B,GREG A 406 406B-1,Single (Suite/Apartment),4,CoEd,24-25 Fall Senior Selection
GREGORIAN QUAD A,GREG A FL 4,GREG A 406,GREG A 406 406C,GREG A 406 406C-1,Single (Suite/Apartment),4,CoEd,24-25 Fall Senior Selection
GREGORIAN QUAD A,GREG A FL 4,GREG A 406,GREG A 406 406D,GREG A 406 406D-1,Single (Suite/Apartment),4,CoEd,24-25 Fall Senior Selection
GREGORIAN QUAD A,GREG A FL 4,GREG A 407,GREG A 407 407A,GREG A 407 407A-1,Single (Suite/Apartment),4,CoEd,24-25 Fall Senior Selection
GREGORIAN QUAD A,GREG A FL 4,GREG A 407,GREG A 407 407B,GREG A 407 407B-1,Single (Suite/Apartment),4,CoEd,24-25 Fall Senior Selection
GREGORIAN QUAD A,GREG A FL 4,GREG A 407,GREG A 407 407C,GREG A 407 407C-1,Single (Suite/Apartment),4,CoEd,24-25 Fall Senior Selection
GREGORIAN QUAD A,GREG A FL 4,GREG A 407,GREG A 407 407D,GREG A 407 407D-1,Single (Suite/Apartment),4,CoEd,24-25 Fall Senior Selection
GREGORIAN QUAD A,GREG A FL 4,GREG A 408C,GREG A 408C,GREG A 408C-1,Single,,DynamicGender,24-25 Fall Senior Selection
GREGORIAN QUAD A,GREG A FL 4,GREG A 408E,GREG A 408E,GREG A 408E-1,Single,,DynamicGender,24-25 Fall Senior Selection
GREGORIAN QUAD A,GREG A FL 4,GREG A 408F,GREG A 408F,GREG A 408F-1,Double,,CoEd,24-25 Fall Senior Selection
GREGORIAN QUAD A,GREG A FL 4,GREG A 408F,GREG A 408F,GREG A 408F-2,Double,,CoEd,24-25 Fall Senior Selection
GREGORIAN QUAD A,GREG A FL 4,GREG A 409A,GREG A 409A,GREG A 409A-1,Single,,DynamicGender,24-25 Fall Senior Selection
GREGORIAN QUAD A,GREG A FL 4,GREG A 409B,GREG A 409B,GREG A 409B-1,Single,,DynamicGender,24-25 Fall Senior Selection
GREGORIAN QUAD A,GREG A FL 4,GREG A 409C,GREG A 409C,GREG A 409C-1,Single,,DynamicGender,24-25 Fall Senior Selection
GREGORIAN QUAD A,GREG A FL 4,GREG A 410B,GREG A 410B,GREG A 410B-1,Single,,DynamicGender,24-25 Fall Senior Selection
GREGORIAN QUAD A,GREG A FL 4,GREG A 410C,GREG A 410C,GREG A 410C-1,Single,,DynamicGender,24-25 Fall Senior Selection
GREGORIAN QUAD A,GREG A FL 4,GREG A 410D,GREG A 410D,GREG A 410D-1,Single,,DynamicGender,24-25 Fall Senior Selection
GREGORIAN QUAD A,GREG A FL 4,GREG A 411,GREG A 411 411A,GREG A 411 411A-1,Single (Suite/Apartment),3,DynamicGender,24-25 Fall Senior Selection
GREGORIAN QUAD A,GREG A FL 4,GREG A 411,GREG A 411 411B,GREG A 411 411B-1,Single (Suite/Apartment),3,DynamicGender,24-25 Fall Senior Selection
GREGORIAN QUAD A,GREG A FL 4,GREG A 411,GREG A 411 411C,GREG A 411 411C-1,Single (Suite/Apartment),3,DynamicGender,24-25 Fall Senior Selection
GREGORIAN QUAD A,GREG A FL 5,GREG A 505,GREG A 505,GREG A 505-1,Double,,CoEd,24-25 Fall Senior Selection
GREGORIAN QUAD A,GREG A FL 5,GREG A 505,GREG A 505,GREG A 505-2,Double,,CoEd,24-25 Fall Senior Selection
GREGORIAN QUAD A,GREG A FL 5,GREG A 508,GREG A 508,GREG A 508-1,Double,,CoEd,24-25 Fall Senior Selection
GREGORIAN QUAD A,GREG A FL 5,GREG A 508,GREG A 508,GREG A 508-2,Double,,CoEd,24-25 Fall Senior Selection
GREGORIAN QUAD A,GREG A FL 5,GREG A 512,GREG A 512,GREG A 512-1,Double,,CoEd,24-25 Fall Senior Selection
GREGORIAN QUAD A,GREG A FL 5,GREG A 512,GREG A 512,GREG A 512-2,Double,,CoEd,24-25 Fall Senior Selection
GREGORIAN QUAD A,GREG A FL 6,GREG A 604,GREG A 604,GREG A 604-1,Double,,CoEd,24-25 Fall Senior Selection
GREGORIAN QUAD A,GREG A FL 6,GREG A 604,GREG A 604,GREG A 604-2,Double,,CoEd,24-25 Fall Senior Selection
GREGORIAN QUAD A,GREG A FL 6,GREG A 611,GREG A 611,GREG A 611-1,Triple,,CoEd,24-25 Fall Senior Selection
GREGORIAN QUAD A,GREG A FL 6,GREG A 611,GREG A 611,GREG A 611-2,Triple,,CoEd,24-25 Fall Senior Selection
GREGORIAN QUAD A,GREG A FL 6,GREG A 611,GREG A 611,GREG A 611-3,Triple,,CoEd,24-25 Fall Senior Selection
GREGORIAN QUAD B,GREG B FL 1,GREG B 103,GREG B 103 103A,GREG B 103 103A-1,Single (Suite/Apartment),5,CoEd,24-25 Fall Senior Selection
GREGORIAN QUAD B,GREG B FL 1,GREG B 103,GREG B 103 103B,GREG B 103 103B-1,Single (Suite/Apartment),5,CoEd,24-25 Fall Senior Selection
GREGORIAN QUAD B,GREG B FL 1,GREG B 103,GREG B 103 103C,GREG B 103 103C-1,Single (Suite/Apartment),5,CoEd,24-25 Fall Senior Selection
GREGORIAN QUAD B,GREG B FL 1,GREG B 103,GREG B 103 103D,GREG B 103 103D-1,Single (Suite/Apartment),5,CoEd,24-25 Fall Senior Selection
GREGORIAN QUAD B,GREG B FL 1,GREG B 103,GREG B 103 103E,GREG B 103 103E-1,Single (Suite/Apartment),5,CoEd,24-25 Fall Senior Selection
GREGORIAN QUAD B,GREG B FL 1,GREG B 104,GREG B 104 104A,GREG B 104 104A-1,Single (Suite/Apartment),4,CoEd,24-25 Fall Senior Selection
Building,Floor,Suite,Room,Bed,Room Type,Suite Size (if applicable),Room Gender,Room Profile
GREGORIAN QUAD B,GREG B FL 1,GREG B 104,GREG B 104 104B,GREG B 104 104B-1,Single (Suite/Apartment),4,CoEd,24-25 Fall Senior Selection
GREGORIAN QUAD B,GREG B FL 1,GREG B 104,GREG B 104 104C,GREG B 104 104C-1,Single (Suite/Apartment),4,CoEd,24-25 Fall Senior Selection
GREGORIAN QUAD B,GREG B FL 1,GREG B 104,GREG B 104 104D,GREG B 104 104D-1,Single (Suite/Apartment),4,CoEd,24-25 Fall Senior Selection
GREGORIAN QUAD B,GREG B FL 1,GREG B 106,GREG B 106 106A,GREG B 106 106A-1,Single (Suite/Apartment),4,CoEd,24-25 Fall Senior Selection
GREGORIAN QUAD B,GREG B FL 1,GREG B 106,GREG B 106 106B,GREG B 106 106B-1,Single (Suite/Apartment),4,CoEd,24-25 Fall Senior Selection
GREGORIAN QUAD B,GREG B FL 1,GREG B 106,GREG B 106 106C,GREG B 106 106C-1,Single (Suite/Apartment),4,CoEd,24-25 Fall Senior Selection
GREGORIAN QUAD B,GREG B FL 1,GREG B 106,GREG B 106 106D,GREG B 106 106D-1,Single (Suite/Apartment),4,CoEd,24-25 Fall Senior Selection
GREGORIAN QUAD B,GREG B FL 1,GREG B 108,GREG B 108 108A,GREG B 108 108A-1,Single (Suite/Apartment),4,CoEd,24-25 Fall Senior Selection
GREGORIAN QUAD B,GREG B FL 1,GREG B 108,GREG B 108 108B,GREG B 108 108B-1,Single (Suite/Apartment),4,CoEd,24-25 Fall Senior Selection
GREGORIAN QUAD B,GREG B FL 1,GREG B 108,GREG B 108 108C,GREG B 108 108C-1,Single (Suite/Apartment),4,CoEd,24-25 Fall Senior Selection
GREGORIAN QUAD B,GREG B FL 1,GREG B 108,GREG B 108 108D,GREG B 108 108D-1,Single (Suite/Apartment),4,CoEd,24-25 Fall Senior Selection
GREGORIAN QUAD B,GREG B FL 1,GREG B 110,GREG B 110 110A,GREG B 110 110A-1,Single (Suite/Apartment),4,CoEd,24-25 Fall Senior Selection
GREGORIAN QUAD B,GREG B FL 1,GREG B 110,GREG B 110 110B,GREG B 110 110B-1,Single (Suite/Apartment),4,CoEd,24-25 Fall Senior Selection
GREGORIAN QUAD B,GREG B FL 1,GREG B 110,GREG B 110 110C,GREG B 110 110C-1,Single (Suite/Apartment),4,CoEd,24-25 Fall Senior Selection
GREGORIAN QUAD B,GREG B FL 1,GREG B 110,GREG B 110 110D,GREG B 110 110D-1,Single (Suite/Apartment),4,CoEd,24-25 Fall Senior Selection
GREGORIAN QUAD B,GREG B FL 2,GREG B 201,GREG B 201 201A,GREG B 201 201A-1,Single (Suite/Apartment),4,CoEd,24-25 Fall Senior Selection
GREGORIAN QUAD B,GREG B FL 2,GREG B 201,GREG B 201 201B,GREG B 201 201B-1,Single (Suite/Apartment),4,CoEd,24-25 Fall Senior Selection
GREGORIAN QUAD B,GREG B FL 2,GREG B 201,GREG B 201 201C,GREG B 201 201C-1,Single (Suite/Apartment),4,CoEd,24-25 Fall Senior Selection
GREGORIAN QUAD B,GREG B FL 2,GREG B 201,GREG B 201 201D,GREG B 201 201D-1,Single (Suite/Apartment),4,CoEd,24-25 Fall Senior Selection
GREGORIAN QUAD B,GREG B FL 2,GREG B 203,GREG B 203 203A,GREG B 203 203A-1,Single (Suite/Apartment),4,CoEd,24-25 Fall Senior Selection
GREGORIAN QUAD B,GREG B FL 2,GREG B 203,GREG B 203 203B,GREG B 203 203B-1,Single (Suite/Apartment),4,CoEd,24-25 Fall Senior Selection
GREGORIAN QUAD B,GREG B FL 2,GREG B 203,GREG B 203 203C,GREG B 203 203C-1,Single (Suite/Apartment),4,CoEd,24-25 Fall Senior Selection
GREGORIAN QUAD B,GREG B FL 2,GREG B 203,GREG B 203 203D,GREG B 203 203D-1,Single (Suite/Apartment),4,CoEd,24-25 Fall Senior Selection
GREGORIAN QUAD B,GREG B FL 2,GREG B 210,GREG B 210 210A,GREG B 210 210A-1,Single (Suite/Apartment),4,CoEd,24-25 Fall Senior Selection
GREGORIAN QUAD B,GREG B FL 2,GREG B 210,GREG B 210 210B,GREG B 210 210B-1,Single (Suite/Apartment),4,CoEd,24-25 Fall Senior Selection
GREGORIAN QUAD B,GREG B FL 2,GREG B 210,GREG B 210 210C,GREG B 210 210C-1,Single (Suite/Apartment),4,CoEd,24-25 Fall Senior Selection
GREGORIAN QUAD B,GREG B FL 2,GREG B 210,GREG B 210 210D,GREG B 210 210D-1,Single (Suite/Apartment),4,CoEd,24-25 Fall Senior Selection
GREGORIAN QUAD B,GREG B FL 3,GREG B 301,GREG B 301 301A,GREG B 301 301A-1,Single (Suite/Apartment),4,CoEd,24-25 Fall Senior Selection
GREGORIAN QUAD B,GREG B FL 3,GREG B 301,GREG B 301 301B,GREG B 301 301B-1,Single (Suite/Apartment),4,CoEd,24-25 Fall Senior Selection
GREGORIAN QUAD B,GREG B FL 3,GREG B 301,GREG B 301 301C,GREG B 301 301C-1,Single (Suite/Apartment),4,CoEd,24-25 Fall Senior Selection
GREGORIAN QUAD B,GREG B FL 3,GREG B 301,GREG B 301 301D,GREG B 301 301D-1,Single (Suite/Apartment),4,CoEd,24-25 Fall Senior Selection
GREGORIAN QUAD B,GREG B FL 3,GREG B 302,GREG B 302 302A,GREG B 302 302A-1,Single (Suite/Apartment),4,CoEd,24-25 Fall Senior Selection
GREGORIAN QUAD B,GREG B FL 3,GREG B 302,GREG B 302 302B,GREG B 302 302B-1,Single (Suite/Apartment),4,CoEd,24-25 Fall Senior Selection
GREGORIAN QUAD B,GREG B FL 3,GREG B 302,GREG B 302 302C,GREG B 302 302C-1,Single (Suite/Apartment),4,CoEd,24-25 Fall Senior Selection
GREGORIAN QUAD B,GREG B FL 3,GREG B 302,GREG B 302 302D,GREG B 302 302D-1,Single (Suite/Apartment),4,CoEd,24-25 Fall Senior Selection
GREGORIAN QUAD B,GREG B FL 3,GREG B 307,GREG B 307 307A,GREG B 307 307A-1,Single (Suite/Apartment),5,CoEd,24-25 Fall Senior Selection
GREGORIAN QUAD B,GREG B FL 3,GREG B 307,GREG B 307 307B,GREG B 307 307B-1,Single (Suite/Apartment),5,CoEd,24-25 Fall Senior Selection
GREGORIAN QUAD B,GREG B FL 3,GREG B 307,GREG B 307 307C,GREG B 307 307C-1,Single (Suite/Apartment),5,CoEd,24-25 Fall Senior Selection
GREGORIAN QUAD B,GREG B FL 3,GREG B 307,GREG B 307 307D,GREG B 307 307D-1,Single (Suite/Apartment),5,CoEd,24-25 Fall Senior Selection
GREGORIAN QUAD B,GREG B FL 3,GREG B 307,GREG B 307 307E,GREG B 307 307E-1,Single (Suite/Apartment),5,CoEd,24-25 Fall Senior Selection
GREGORIAN QUAD B,GREG B FL 3,GREG B 310,GREG B 310 310A,GREG B 310 310A-1,Single (Suite/Apartment),4,CoEd,24-25 Fall Senior Selection
GREGORIAN QUAD B,GREG B FL 3,GREG B 310,GREG B 310 310B,GREG B 310 310B-1,Single (Suite/Apartment),4,CoEd,24-25 Fall Senior Selection
GREGORIAN QUAD B,GREG B FL 3,GREG B 310,GREG B 310 310C,GREG B 310 310C-1,Single (Suite/Apartment),4,CoEd,24-25 Fall Senior Selection
GREGORIAN QUAD B,GREG B FL 3,GREG B 310,GREG B 310 310D,GREG B 310 310D-1,Single (Suite/Apartment),4,CoEd,24-25 Fall Senior Selection
GREGORIAN QUAD B,GREG B FL 4,GREG B 402A,GREG B 402A,GREG B 402A-1,Single,,CoEd,24-25 Fall Senior Selection
Building,Floor,Suite,Room,Bed,Room Type,Suite Size (if applicable),Room Gender,Room Profile
GREGORIAN QUAD B,GREG B FL 4,GREG B 402E,GREG B 402E,GREG B 402E-1,Single,,CoEd,24-25 Fall Senior Selection
GREGORIAN QUAD B,GREG B FL 4,GREG B 402F,GREG B 402F,GREG B 402F-1,Single,,CoEd,24-25 Fall Senior Selection
GREGORIAN QUAD B,GREG B FL 4,GREG B 404D,GREG B 404D,GREG B 404D-1,Single,,CoEd,24-25 Fall Senior Selection
GREGORIAN QUAD B,GREG B FL 4,GREG B 405C,GREG B 405C,GREG B 405C-1,Single,,CoEd,24-25 Fall Senior Selection
GREGORIAN QUAD B,GREG B FL 4,GREG B 405D,GREG B 405D,GREG B 405D-1,Single,,CoEd,24-25 Fall Senior Selection
HEGEMAN HALL,HEGEMAN FL 1 E,HEGEMAN 113,HEGEMAN 113 113A,HEGEMAN 113 113A-1,Single (Suite/Apartment),3,CoEd,24-25 Fall Senior Selection
HEGEMAN HALL,HEGEMAN FL 1 E,HEGEMAN 113,HEGEMAN 113 113B,HEGEMAN 113 113B-1,Single (Suite/Apartment),3,CoEd,24-25 Fall Senior Selection
HEGEMAN HALL,HEGEMAN FL 1 E,HEGEMAN 113,HEGEMAN 113 113C,HEGEMAN 113 113C-1,Single (Suite/Apartment),3,CoEd,24-25 Fall Senior Selection
HEGEMAN HALL,HEGEMAN FL 1 E,HEGEMAN 114,HEGEMAN 114,HEGEMAN 114-1,Single,,CoEd,24-25 Fall Senior Selection
HEGEMAN HALL,HEGEMAN FL 1 E,HEGEMAN 115,HEGEMAN 115,HEGEMAN 115-1,Single,,CoEd,24-25 Fall Senior Selection
HEGEMAN HALL,HEGEMAN FL 1 E,HEGEMAN 116,HEGEMAN 116 116A,HEGEMAN 116 116A-1,Single (Suite/Apartment),3,CoEd,24-25 Fall Senior Selection
HEGEMAN HALL,HEGEMAN FL 1 E,HEGEMAN 116,HEGEMAN 116 116B,HEGEMAN 116 116B-1,Single (Suite/Apartment),3,CoEd,24-25 Fall Senior Selection
HEGEMAN HALL,HEGEMAN FL 1 E,HEGEMAN 116,HEGEMAN 116 116C,HEGEMAN 116 116C-1,Single (Suite/Apartment),3,CoEd,24-25 Fall Senior Selection
HEGEMAN HALL,HEGEMAN FL 2 E,HEGEMAN 212,HEGEMAN 212,HEGEMAN 212-1,Double,,CoEd,24-25 Fall Senior Selection
HEGEMAN HALL,HEGEMAN FL 2 E,HEGEMAN 212,HEGEMAN 212,HEGEMAN 212-2,Double,,CoEd,24-25 Fall Senior Selection
HEGEMAN HALL,HEGEMAN FL 2 E,HEGEMAN 213,HEGEMAN 213 213A,HEGEMAN 213 213A-1,Single (Suite/Apartment),3,CoEd,24-25 Fall Senior Selection
HEGEMAN HALL,HEGEMAN FL 2 E,HEGEMAN 213,HEGEMAN 213 213C,HEGEMAN 213 213C-1,Single (Suite/Apartment),3,CoEd,24-25 Fall Senior Selection
HEGEMAN HALL,HEGEMAN FL 2 E,HEGEMAN 213,HEGEMAN 213 213D,HEGEMAN 213 213D-1,Single (Suite/Apartment),3,CoEd,24-25 Fall Senior Selection
HEGEMAN HALL,HEGEMAN FL 2 E,HEGEMAN 215,HEGEMAN 215 215A,HEGEMAN 215 215A-1,Single (Suite/Apartment),3,CoEd,24-25 Fall Senior Selection
HEGEMAN HALL,HEGEMAN FL 2 E,HEGEMAN 215,HEGEMAN 215 215B,HEGEMAN 215 215B-1,Single (Suite/Apartment),3,CoEd,24-25 Fall Senior Selection
HEGEMAN HALL,HEGEMAN FL 2 E,HEGEMAN 215,HEGEMAN 215 215C,HEGEMAN 215 215C-1,Single (Suite/Apartment),3,CoEd,24-25 Fall Senior Selection
HOPE COLLEGE,HOPE FL 1,HOPE 116,HOPE 116,HOPE 116-1,Single,,CoEd,24-25 Fall Senior Selection
HOPE COLLEGE,HOPE FL 3,HOPE 307,HOPE 307,HOPE 307-1,Double,,CoEd,24-25 Fall Senior Selection
HOPE COLLEGE,HOPE FL 3,HOPE 307,HOPE 307,HOPE 307-2,Double,,CoEd,24-25 Fall Senior Selection
HOPE COLLEGE,HOPE FL 3,HOPE 314,HOPE 314,HOPE 314-1,Single,,CoEd,24-25 Fall Senior Selection
HOPE COLLEGE,HOPE FL 3,HOPE 316,HOPE 316,HOPE 316-1,Single,,CoEd,24-25 Fall Senior Selection
HOPE COLLEGE,HOPE FL 4,HOPE 406,HOPE 406,HOPE 406-1,Single,,CoEd,24-25 Fall Senior Selection
HOPE COLLEGE,HOPE FL 4,HOPE 412,HOPE 412,HOPE 412-1,Double,,CoEd,24-25 Fall Senior Selection
HOPE COLLEGE,HOPE FL 4,HOPE 412,HOPE 412,HOPE 412-2,Double,,CoEd,24-25 Fall Senior Selection
HOPE COLLEGE,HOPE FL 4,HOPE 416,HOPE 416,HOPE 416-1,Single,,CoEd,24-25 Fall Senior Selection
MINDEN HALL,MINDEN FL 3,MINDEN 301,MINDEN 301 301B,MINDEN 301 301B-1,Single (Suite/Apartment),3,CoEd,24-25 Fall Senior Selection
MINDEN HALL,MINDEN FL 3,MINDEN 301,MINDEN 301 301C,MINDEN 301 301C-1,Single (Suite/Apartment),3,CoEd,24-25 Fall Senior Selection
MINDEN HALL,MINDEN FL 3,MINDEN 301,MINDEN 301 301D,MINDEN 301 301D-1,Single (Suite/Apartment),3,CoEd,24-25 Fall Senior Selection
MINDEN HALL,MINDEN FL 3,MINDEN 308,MINDEN 308,MINDEN 308-1,Double,,CoEd,24-25 Fall Senior Selection
MINDEN HALL,MINDEN FL 3,MINDEN 308,MINDEN 308,MINDEN 308-2,Double,,CoEd,24-25 Fall Senior Selection
MINDEN HALL,MINDEN FL 4,MINDEN 406,MINDEN 406,MINDEN 406-1,Double,,CoEd,24-25 Fall Senior Selection
MINDEN HALL,MINDEN FL 4,MINDEN 406,MINDEN 406,MINDEN 406-2,Double,,CoEd,24-25 Fall Senior Selection
MINDEN HALL,MINDEN FL 4,MINDEN 408,MINDEN 408,MINDEN 408-1,Double,,CoEd,24-25 Fall Senior Selection
MINDEN HALL,MINDEN FL 4,MINDEN 408,MINDEN 408,MINDEN 408-2,Double,,CoEd,24-25 Fall Senior Selection
MINDEN HALL,MINDEN FL 5,MINDEN 506,MINDEN 506,MINDEN 506-1,Double,,CoEd,24-25 Fall Senior Selection
MINDEN HALL,MINDEN FL 5,MINDEN 506,MINDEN 506,MINDEN 506-2,Double,,CoEd,24-25 Fall Senior Selection
MINDEN HALL,MINDEN FL 5,MINDEN 508,MINDEN 508,MINDEN 508-1,Double,,CoEd,24-25 Fall Senior Selection
MINDEN HALL,MINDEN FL 5,MINDEN 508,MINDEN 508,MINDEN 508-2,Double,,CoEd,24-25 Fall Senior Selection
MINDEN HALL,MINDEN FL 6,MINDEN 607,MINDEN 607,MINDEN 607-1,Double,,CoEd,24-25 Fall Senior Selection
MINDEN HALL,MINDEN FL 6,MINDEN 607,MINDEN 607,MINDEN 607-2,Double,,CoEd,24-25 Fall Senior Selection
Building,Floor,Suite,Room,Bed,Room Type,Suite Size (if applicable),Room Gender,Room Profile
MINDEN HALL,MINDEN FL 6,MINDEN 608,MINDEN 608,MINDEN 608-1,Double,,CoEd,24-25 Fall Senior Selection
MINDEN HALL,MINDEN FL 6,MINDEN 608,MINDEN 608,MINDEN 608-2,Double,,CoEd,24-25 Fall Senior Selection
MINDEN HALL,MINDEN FL 7,MINDEN 702,MINDEN 702,MINDEN 702-1,Triple,,CoEd,24-25 Fall Senior Selection
MINDEN HALL,MINDEN FL 7,MINDEN 702,MINDEN 702,MINDEN 702-2,Triple,,CoEd,24-25 Fall Senior Selection
MINDEN HALL,MINDEN FL 7,MINDEN 702,MINDEN 702,MINDEN 702-3,Triple,,CoEd,24-25 Fall Senior Selection
MINDEN HALL,MINDEN FL 7,MINDEN 715,MINDEN 715 715B,MINDEN 715 715B-1,Single (Suite/Apartment),3,CoEd,24-25 Fall Senior Selection
MINDEN HALL,MINDEN FL 7,MINDEN 715,MINDEN 715 715C,MINDEN 715 715C-1,Single (Suite/Apartment),3,CoEd,24-25 Fall Senior Selection
MINDEN HALL,MINDEN FL 7,MINDEN 715,MINDEN 715 715D,MINDEN 715 715D-1,Single (Suite/Apartment),3,CoEd,24-25 Fall Senior Selection
OLNEY HOUSE,OLNEY FL 3,OLNEY 317,OLNEY 317,OLNEY 317-1,Double,,CoEd,24-25 Fall Senior Selection
OLNEY HOUSE,OLNEY FL 3,OLNEY 317,OLNEY 317,OLNEY 317-2,Double,,CoEd,24-25 Fall Senior Selection
OLNEY HOUSE,OLNEY FL 3,OLNEY 322,OLNEY 322,OLNEY 322-1,Single,,CoEd,24-25 Fall Senior Selection
OLNEY HOUSE,OLNEY FL 3,OLNEY 323,OLNEY 323,OLNEY 323-1,Single,,CoEd,24-25 Fall Senior Selection
OLNEY HOUSE,OLNEY FL 3,OLNEY 324,OLNEY 324,OLNEY 324-1,Single,,CoEd,24-25 Fall Senior Selection
OLNEY HOUSE,OLNEY FL 3,OLNEY 325,OLNEY 325,OLNEY 325-1,Single,,CoEd,24-25 Fall Senior Selection
OLNEY HOUSE,OLNEY FL 3,OLNEY 327,OLNEY 327,OLNEY 327-1,Single,,CoEd,24-25 Fall Senior Selection
OLNEY HOUSE,OLNEY FL 3,OLNEY 329,OLNEY 329,OLNEY 329-1,Double,,CoEd,24-25 Fall Senior Selection
OLNEY HOUSE,OLNEY FL 3,OLNEY 329,OLNEY 329,OLNEY 329-2,Double,,CoEd,24-25 Fall Senior Selection
OLNEY HOUSE,OLNEY FL 3,OLNEY 331A,OLNEY 331A,OLNEY 331A-1,Single,,CoEd,24-25 Fall Senior Selection
OLNEY HOUSE,OLNEY FL 3,OLNEY 331B,OLNEY 331B,OLNEY 331B-1,Single,,CoEd,24-25 Fall Senior Selection
OLNEY HOUSE,OLNEY FL 3,OLNEY 333,OLNEY 333,OLNEY 333-1,Double,,CoEd,24-25 Fall Senior Selection
OLNEY HOUSE,OLNEY FL 3,OLNEY 333,OLNEY 333,OLNEY 333-2,Double,,CoEd,24-25 Fall Senior Selection
OLNEY HOUSE,OLNEY FL 3,OLNEY 336,OLNEY 336,OLNEY 336-1,Double,,CoEd,24-25 Fall Senior Selection
OLNEY HOUSE,OLNEY FL 3,OLNEY 336,OLNEY 336,OLNEY 336-2,Double,,CoEd,24-25 Fall Senior Selection
SEARS HOUSE,SEARS FL 3,SEARS 306A,SEARS 306A,SEARS 306A-1,Single,,CoEd,24-25 Fall Senior Selection
SEARS HOUSE,SEARS FL 3,SEARS 306B,SEARS 306B,SEARS 306B-1,Single,,CoEd,24-25 Fall Senior Selection
SEARS HOUSE,SEARS FL 3,SEARS 310,SEARS 310,SEARS 310-1,Single,,CoEd,24-25 Fall Senior Selection
SEARS HOUSE,SEARS FL 3,SEARS 311,SEARS 311,SEARS 311-1,Single,,CoEd,24-25 Fall Senior Selection
SEARS HOUSE,SEARS FL 3,SEARS 312,SEARS 312,SEARS 312-1,Single,,CoEd,24-25 Fall Senior Selection
SEARS HOUSE,SEARS FL 3,SEARS 313,SEARS 313,SEARS 313-1,Double,,CoEd,24-25 Fall Senior Selection
SEARS HOUSE,SEARS FL 3,SEARS 313,SEARS 313,SEARS 313-2,Double,,CoEd,24-25 Fall Senior Selection
SEARS HOUSE,SEARS FL 3,SEARS 314,SEARS 314,SEARS 314-1,Double,,CoEd,24-25 Fall Senior Selection
SEARS HOUSE,SEARS FL 3,SEARS 314,SEARS 314,SEARS 314-2,Double,,CoEd,24-25 Fall Senior Selection
SEARS HOUSE,SEARS FL 3,SEARS 319,SEARS 319,SEARS 319-1,Single,,CoEd,24-25 Fall Senior Selection
SEARS HOUSE,SEARS FL 3,SEARS 320,SEARS 320,SEARS 320-1,Single,,CoEd,24-25 Fall Senior Selection
SEARS HOUSE,SEARS FL 3,SEARS 321,SEARS 321,SEARS 321-1,Single,,CoEd,24-25 Fall Senior Selection
SEARS HOUSE,SEARS FL 4,SEARS 423,SEARS 423,SEARS 423-1,Single,,CoEd,24-25 Fall Senior Selection
SEARS HOUSE,SEARS FL 4,SEARS 424,SEARS 424,SEARS 424-1,Single,,CoEd,24-25 Fall Senior Selection
SEARS HOUSE,SEARS FL 4,SEARS 426,SEARS 426,SEARS 426-1,Double,,CoEd,24-25 Fall Senior Selection
SEARS HOUSE,SEARS FL 4,SEARS 426,SEARS 426,SEARS 426-2,Double,,CoEd,24-25 Fall Senior Selection
SEARS HOUSE,SEARS FL 4,SEARS 429,SEARS 429,SEARS 429-1,Single,,CoEd,24-25 Fall Senior Selection
SEARS HOUSE,SEARS FL 4,SEARS 430,SEARS 430,SEARS 430-1,Double,,CoEd,24-25 Fall Senior Selection
SEARS HOUSE,SEARS FL 4,SEARS 430,SEARS 430,SEARS 430-2,Double,,CoEd,24-25 Fall Senior Selection
SLATER HALL,SLATER FL 1 S,SLATER 102,SLATER 102,SLATER 102-1,Double,,CoEd,24-25 Fall Senior Selection
SLATER HALL,SLATER FL 1 S,SLATER 102,SLATER 102,SLATER 102-2,Double,,CoEd,24-25 Fall Senior Selection
SLATER HALL,SLATER FL 1 N,SLATER 105,SLATER 105,SLATER 105-1,Single,,CoEd,24-25 Fall Senior Selection
Building,Floor,Suite,Room,Bed,Room Type,Suite Size (if applicable),Room Gender,Room Profile
SLATER HALL,SLATER FL 1 N,SLATER 106,SLATER 106,SLATER 106-1,Single,,CoEd,24-25 Fall Senior Selection
SLATER HALL,SLATER FL 1 S,SLATER 107,SLATER 107,SLATER 107-1,Single,,CoEd,24-25 Fall Senior Selection
SLATER HALL,SLATER FL 2,SLATER 201,SLATER 201,SLATER 201-1,Quad,,CoEd,24-25 Fall Senior Selection
SLATER HALL,SLATER FL 2,SLATER 201,SLATER 201,SLATER 201-2,Quad,,CoEd,24-25 Fall Senior Selection
SLATER HALL,SLATER FL 2,SLATER 201,SLATER 201,SLATER 201-3,Quad,,CoEd,24-25 Fall Senior Selection
SLATER HALL,SLATER FL 2,SLATER 201,SLATER 201,SLATER 201-4,Quad,,CoEd,24-25 Fall Senior Selection
SLATER HALL,SLATER FL 2,SLATER 204,SLATER 204,SLATER 204-1,Quad,,CoEd,24-25 Fall Senior Selection
SLATER HALL,SLATER FL 2,SLATER 204,SLATER 204,SLATER 204-2,Quad,,CoEd,24-25 Fall Senior Selection
SLATER HALL,SLATER FL 2,SLATER 204,SLATER 204,SLATER 204-3,Quad,,CoEd,24-25 Fall Senior Selection
SLATER HALL,SLATER FL 2,SLATER 204,SLATER 204,SLATER 204-4,Quad,,CoEd,24-25 Fall Senior Selection
SLATER HALL,SLATER FL 2,SLATER 206,SLATER 206,SLATER 206-1,Single,,CoEd,24-25 Fall Senior Selection
SLATER HALL,SLATER FL 2,SLATER 207,SLATER 207,SLATER 207-1,Single,,CoEd,24-25 Fall Senior Selection
WAYLAND HOUSE,WAYLAND FL 3,WAYLAND 303,WAYLAND 303,WAYLAND 303-1,Double,,CoEd,24-25 Fall Senior Selection
WAYLAND HOUSE,WAYLAND FL 3,WAYLAND 303,WAYLAND 303,WAYLAND 303-2,Double,,CoEd,24-25 Fall Senior Selection
WAYLAND HOUSE,WAYLAND FL 3,WAYLAND 305,WAYLAND 305,WAYLAND 305-1,Double,,CoEd,24-25 Fall Senior Selection
WAYLAND HOUSE,WAYLAND FL 3,WAYLAND 305,WAYLAND 305,WAYLAND 305-2,Double,,CoEd,24-25 Fall Senior Selection
WAYLAND HOUSE,WAYLAND FL 3,WAYLAND 312,WAYLAND 312,WAYLAND 312-1,Single,,CoEd,24-25 Fall Senior Selection
WAYLAND HOUSE,WAYLAND FL 3,WAYLAND 313,WAYLAND 313,WAYLAND 313-1,Single,,CoEd,24-25 Fall Senior Selection
WAYLAND HOUSE,WAYLAND FL 3,WAYLAND 320,WAYLAND 320,WAYLAND 320-1,Single,,CoEd,24-25 Fall Senior Selection
WAYLAND HOUSE,WAYLAND FL 3,WAYLAND 330,WAYLAND 330,WAYLAND 330-1,Single,,CoEd,24-25 Fall Senior Selection
WAYLAND HOUSE,WAYLAND FL 3,WAYLAND 337,WAYLAND 337,WAYLAND 337-1,Single,,CoEd,24-25 Fall Senior Selection
WAYLAND HOUSE,WAYLAND FL 3,WAYLAND 338,WAYLAND 338,WAYLAND 338-1,Single,,CoEd,24-25 Fall Senior Selection
WAYLAND HOUSE,WAYLAND FL 3,WAYLAND 345,WAYLAND 345,WAYLAND 345-1,Double,,CoEd,24-25 Fall Senior Selection
WAYLAND HOUSE,WAYLAND FL 3,WAYLAND 345,WAYLAND 345,WAYLAND 345-2,Double,,CoEd,24-25 Fall Senior Selection
WAYLAND HOUSE,WAYLAND FL 3,WAYLAND 347,WAYLAND 347,WAYLAND 347-1,Double,,CoEd,24-25 Fall Senior Selection
WAYLAND HOUSE,WAYLAND FL 3,WAYLAND 347,WAYLAND 347,WAYLAND 347-2,Double,,CoEd,24-25 Fall Senior Selection
WAYLAND HOUSE,WAYLAND FL 4 N,WAYLAND 401,WAYLAND 401,WAYLAND 401-1,Single,,CoEd,24-25 Fall Senior Selection
WAYLAND HOUSE,WAYLAND FL 4 N,WAYLAND 402,WAYLAND 402,WAYLAND 402-1,Single,,CoEd,24-25 Fall Senior Selection
WAYLAND HOUSE,WAYLAND FL 4 N,WAYLAND 404,WAYLAND 404,WAYLAND 404-1,Single,,CoEd,24-25 Fall Senior Selection
WAYLAND HOUSE,WAYLAND FL 4 N,WAYLAND 405,WAYLAND 405,WAYLAND 405-1,Double,,CoEd,24-25 Fall Senior Selection
WAYLAND HOUSE,WAYLAND FL 4 N,WAYLAND 405,WAYLAND 405,WAYLAND 405-2,Double,,CoEd,24-25 Fall Senior Selection
WAYLAND HOUSE,WAYLAND FL 4 N,WAYLAND 407,WAYLAND 407,WAYLAND 407-1,Double,,CoEd,24-25 Fall Senior Selection
WAYLAND HOUSE,WAYLAND FL 4 N,WAYLAND 407,WAYLAND 407,WAYLAND 407-2,Double,,CoEd,24-25 Fall Senior Selection
WAYLAND HOUSE,WAYLAND FL 4 S,WAYLAND 443,WAYLAND 443,WAYLAND 443-1,Double,,CoEd,24-25 Fall Senior Selection
WAYLAND HOUSE,WAYLAND FL 4 S,WAYLAND 443,WAYLAND 443,WAYLAND 443-2,Double,,CoEd,24-25 Fall Senior Selection
WAYLAND HOUSE,WAYLAND FL 4 S,WAYLAND 445,WAYLAND 445,WAYLAND 445-1,Double,,CoEd,24-25 Fall Senior Selection
WAYLAND HOUSE,WAYLAND FL 4 S,WAYLAND 445,WAYLAND 445,WAYLAND 445-2,Double,,CoEd,24-25 Fall Senior Selection
WAYLAND HOUSE,WAYLAND FL 4 S,WAYLAND 446,WAYLAND 446,WAYLAND 446-1,Single,,CoEd,24-25 Fall Senior Selection
WAYLAND HOUSE,WAYLAND FL 4 S,WAYLAND 448,WAYLAND 448,WAYLAND 448-1,Single,,CoEd,24-25 Fall Senior Selection
WAYLAND HOUSE,WAYLAND FL 4 S,WAYLAND 449,WAYLAND 449,WAYLAND 449-1,Single,,CoEd,24-25 Fall Senior Selection
YOUNG ORCHARD 10,YO 10 FL 3,YO 10 340,YO 10 340 341,YO 10 340 341-1,Single (Suite/Apartment),4,CoEd,24-25 Fall Senior Selection
YOUNG ORCHARD 10,YO 10 FL 3,YO 10 340,YO 10 340 342,YO 10 340 342-1,Single (Suite/Apartment),4,CoEd,24-25 Fall Senior Selection
YOUNG ORCHARD 10,YO 10 FL 3,YO 10 340,YO 10 340 343,YO 10 340 343-1,Single (Suite/Apartment),4,CoEd,24-25 Fall Senior Selection
YOUNG ORCHARD 10,YO 10 FL 3,YO 10 340,YO 10 340 344,YO 10 340 344-1,Single (Suite/Apartment),4,CoEd,24-25 Fall Senior Selection
YOUNG ORCHARD 10,YO 10 FL 4,YO 10 420,YO 10 420 421,YO 10 420 421-1,Single (Suite/Apartment),4,CoEd,24-25 Fall Senior Selection
Building,Floor,Suite,Room,Bed,Room Type,Suite Size (if applicable),Room Gender,Room Profile
YOUNG ORCHARD 10,YO 10 FL 4,YO 10 420,YO 10 420 422,YO 10 420 422-1,Single (Suite/Apartment),4,CoEd,24-25 Fall Senior Selection
YOUNG ORCHARD 10,YO 10 FL 4,YO 10 420,YO 10 420 423,YO 10 420 423-1,Single (Suite/Apartment),4,CoEd,24-25 Fall Senior Selection
YOUNG ORCHARD 10,YO 10 FL 4,YO 10 420,YO 10 420 424,YO 10 420 424-1,Single (Suite/Apartment),4,CoEd,24-25 Fall Senior Selection
YOUNG ORCHARD 2,YO 2 FL 2,YO 2 220,YO 2 220 221,YO 2 220 221-1,Single (Suite/Apartment),4,CoEd,24-25 Fall Senior Selection
YOUNG ORCHARD 2,YO 2 FL 2,YO 2 220,YO 2 220 222,YO 2 220 222-1,Single (Suite/Apartment),4,CoEd,24-25 Fall Senior Selection
YOUNG ORCHARD 2,YO 2 FL 2,YO 2 220,YO 2 220 223,YO 2 220 223-1,Single (Suite/Apartment),4,CoEd,24-25 Fall Senior Selection
YOUNG ORCHARD 2,YO 2 FL 2,YO 2 220,YO 2 220 224,YO 2 220 224-1,Single (Suite/Apartment),4,CoEd,24-25 Fall Senior Selection
YOUNG ORCHARD 2,YO 2 FL 2,YO 2 230,YO 2 230 231,YO 2 230 231-1,Single (Suite/Apartment),4,CoEd,24-25 Fall Senior Selection
YOUNG ORCHARD 2,YO 2 FL 2,YO 2 230,YO 2 230 232,YO 2 230 232-1,Single (Suite/Apartment),4,CoEd,24-25 Fall Senior Selection
YOUNG ORCHARD 2,YO 2 FL 2,YO 2 230,YO 2 230 233,YO 2 230 233-1,Single (Suite/Apartment),4,CoEd,24-25 Fall Senior Selection
YOUNG ORCHARD 2,YO 2 FL 2,YO 2 230,YO 2 230 234,YO 2 230 234-1,Single (Suite/Apartment),4,CoEd,24-25 Fall Senior Selection
YOUNG ORCHARD 2,YO 2 FL 2,YO 2 240,YO 2 240 241,YO 2 240 241-1,Single (Suite/Apartment),4,CoEd,24-25 Fall Senior Selection
YOUNG ORCHARD 2,YO 2 FL 2,YO 2 240,YO 2 240 242,YO 2 240 242-1,Single (Suite/Apartment),4,CoEd,24-25 Fall Senior Selection
YOUNG ORCHARD 2,YO 2 FL 2,YO 2 240,YO 2 240 243,YO 2 240 243-1,Single (Suite/Apartment),4,CoEd,24-25 Fall Senior Selection
YOUNG ORCHARD 2,YO 2 FL 2,YO 2 240,YO 2 240 244,YO 2 240 244-1,Single (Suite/Apartment),4,CoEd,24-25 Fall Senior Selection
YOUNG ORCHARD 4,YO 4 FL 2,YO 4 230,YO 4 230 231,YO 4 230 231-1,Single (Suite/Apartment),4,CoEd,24-25 Fall Senior Selection
YOUNG ORCHARD 4,YO 4 FL 2,YO 4 230,YO 4 230 232,YO 4 230 232-1,Single (Suite/Apartment),4,CoEd,24-25 Fall Senior Selection
YOUNG ORCHARD 4,YO 4 FL 2,YO 4 230,YO 4 230 233,YO 4 230 233-1,Single (Suite/Apartment),4,CoEd,24-25 Fall Senior Selection
YOUNG ORCHARD 4,YO 4 FL 2,YO 4 230,YO 4 230 234,YO 4 230 234-1,Single (Suite/Apartment),4,CoEd,24-25 Fall Senior Selection
YOUNG ORCHARD 4,YO 4 FL 3,YO 4 310,YO 4 310 311,YO 4 310 311-1,Single (Suite/Apartment),4,CoEd,24-25 Fall Senior Selection
YOUNG ORCHARD 4,YO 4 FL 3,YO 4 310,YO 4 310 312,YO 4 310 312-1,Single (Suite/Apartment),4,CoEd,24-25 Fall Senior Selection
YOUNG ORCHARD 4,YO 4 FL 3,YO 4 310,YO 4 310 313,YO 4 310 313-1,Single (Suite/Apartment),4,CoEd,24-25 Fall Senior Selection
YOUNG ORCHARD 4,YO 4 FL 3,YO 4 310,YO 4 310 314,YO 4 310 314-1,Single (Suite/Apartment),4,CoEd,24-25 Fall Senior Selection
YOUNG ORCHARD 4,YO 4 FL 4,YO 4 420,YO 4 420 421,YO 4 420 421-1,Single (Suite/Apartment),4,CoEd,24-25 Fall Senior Selection
YOUNG ORCHARD 4,YO 4 FL 4,YO 4 420,YO 4 420 422,YO 4 420 422-1,Single (Suite/Apartment),4,CoEd,24-25 Fall Senior Selection
YOUNG ORCHARD 4,YO 4 FL 4,YO 4 420,YO 4 420 423,YO 4 420 423-1,Single (Suite/Apartment),4,CoEd,24-25 Fall Senior Selection
YOUNG ORCHARD 4,YO 4 FL 4,YO 4 420,YO 4 420 424,YO 4 420 424-1,Single (Suite/Apartment),4,CoEd,24-25 Fall Senior Selection